<?xml version="1.0" encoding="UTF-8"?>
<map version="1.2" tiledversion="1.3.1" orientation="orthogonal" renderorder="right-down" compressionlevel="0" width="19" height="36" tilewidth="8" tileheight="8" infinite="0" nextlayerid="2" nextobjectid="1">
 <editorsettings>
  <export format="tmx"/>
 </editorsettings>
 <tileset firstgid="1" source="../Tiles.tsx"/>
 <layer id="1" name="Tile Layer 1" width="19" height="36" opacity="0.98">
  <data>
   <tile gid="2488"/>
   <tile gid="2489"/>
   <tile gid="2490"/>
   <tile gid="2491"/>
   <tile gid="2492"/>
   <tile gid="2493"/>
   <tile gid="2494"/>
   <tile gid="2495"/>
   <tile gid="2496"/>
   <tile gid="2497"/>
   <tile gid="2498"/>
   <tile gid="2499"/>
   <tile gid="2500"/>
   <tile gid="2501"/>
   <tile gid="2502"/>
   <tile gid="2503"/>
   <tile gid="2504"/>
   <tile gid="2505"/>
   <tile gid="2506"/>
   <tile gid="2616"/>
   <tile gid="2617"/>
   <tile gid="2618"/>
   <tile gid="2619"/>
   <tile gid="2620"/>
   <tile gid="2621"/>
   <tile gid="2622"/>
   <tile gid="2623"/>
   <tile gid="2624"/>
   <tile gid="2625"/>
   <tile gid="2626"/>
   <tile gid="2627"/>
   <tile gid="2628"/>
   <tile gid="2629"/>
   <tile gid="2630"/>
   <tile gid="2631"/>
   <tile gid="2632"/>
   <tile gid="2633"/>
   <tile gid="2634"/>
   <tile gid="2744"/>
   <tile gid="2745"/>
   <tile gid="2746"/>
   <tile gid="2747"/>
   <tile gid="2748"/>
   <tile gid="2749"/>
   <tile gid="2750"/>
   <tile gid="2751"/>
   <tile gid="2752"/>
   <tile gid="2753"/>
   <tile gid="2754"/>
   <tile gid="2755"/>
   <tile gid="2756"/>
   <tile gid="2757"/>
   <tile gid="2758"/>
   <tile gid="2759"/>
   <tile gid="2760"/>
   <tile gid="2761"/>
   <tile gid="2762"/>
   <tile gid="2872"/>
   <tile gid="2873"/>
   <tile gid="2874"/>
   <tile gid="2875"/>
   <tile gid="2876"/>
   <tile gid="2877"/>
   <tile gid="2878"/>
   <tile gid="2879"/>
   <tile gid="2880"/>
   <tile gid="2881"/>
   <tile gid="2882"/>
   <tile gid="2883"/>
   <tile gid="2884"/>
   <tile gid="2885"/>
   <tile gid="2886"/>
   <tile gid="2887"/>
   <tile gid="2888"/>
   <tile gid="2889"/>
   <tile gid="2890"/>
   <tile gid="3000"/>
   <tile gid="3001"/>
   <tile gid="3002"/>
   <tile gid="3003"/>
   <tile gid="3004"/>
   <tile gid="3005"/>
   <tile gid="3006"/>
   <tile gid="3007"/>
   <tile gid="3008"/>
   <tile gid="3009"/>
   <tile gid="3010"/>
   <tile gid="3011"/>
   <tile gid="3012"/>
   <tile gid="3013"/>
   <tile gid="3014"/>
   <tile gid="3015"/>
   <tile gid="3016"/>
   <tile gid="3017"/>
   <tile gid="3018"/>
   <tile gid="3128"/>
   <tile gid="3129"/>
   <tile gid="3130"/>
   <tile gid="3131"/>
   <tile gid="3132"/>
   <tile gid="3133"/>
   <tile gid="3134"/>
   <tile gid="3135"/>
   <tile gid="3136"/>
   <tile gid="3137"/>
   <tile gid="3138"/>
   <tile gid="3139"/>
   <tile gid="3140"/>
   <tile gid="3141"/>
   <tile gid="3142"/>
   <tile gid="3143"/>
   <tile gid="3144"/>
   <tile gid="3145"/>
   <tile gid="3146"/>
   <tile gid="3256"/>
   <tile gid="3257"/>
   <tile gid="3258"/>
   <tile gid="3259"/>
   <tile gid="3260"/>
   <tile gid="3261"/>
   <tile gid="3262"/>
   <tile gid="3263"/>
   <tile gid="3264"/>
   <tile gid="3265"/>
   <tile gid="3266"/>
   <tile gid="3267"/>
   <tile gid="3268"/>
   <tile gid="3269"/>
   <tile gid="3270"/>
   <tile gid="3271"/>
   <tile gid="3272"/>
   <tile gid="3273"/>
   <tile gid="3274"/>
   <tile gid="3384"/>
   <tile gid="3385"/>
   <tile gid="3386"/>
   <tile gid="3387"/>
   <tile gid="3388"/>
   <tile gid="3389"/>
   <tile gid="3390"/>
   <tile gid="3391"/>
   <tile gid="3392"/>
   <tile gid="3393"/>
   <tile gid="3394"/>
   <tile gid="3395"/>
   <tile gid="3396"/>
   <tile gid="3397"/>
   <tile gid="3398"/>
   <tile gid="3399"/>
   <tile gid="3400"/>
   <tile gid="3401"/>
   <tile gid="3402"/>
   <tile gid="3512"/>
   <tile gid="3513"/>
   <tile gid="3514"/>
   <tile gid="3515"/>
   <tile gid="3516"/>
   <tile gid="3517"/>
   <tile gid="3518"/>
   <tile gid="3519"/>
   <tile gid="3520"/>
   <tile gid="3521"/>
   <tile gid="3522"/>
   <tile gid="3523"/>
   <tile gid="3524"/>
   <tile gid="3525"/>
   <tile gid="3526"/>
   <tile gid="3527"/>
   <tile gid="3528"/>
   <tile gid="3529"/>
   <tile gid="3530"/>
   <tile gid="3640"/>
   <tile gid="3641"/>
   <tile gid="3642"/>
   <tile gid="3643"/>
   <tile gid="3644"/>
   <tile gid="3645"/>
   <tile gid="3646"/>
   <tile gid="3647"/>
   <tile gid="3648"/>
   <tile gid="3649"/>
   <tile gid="3650"/>
   <tile gid="3651"/>
   <tile gid="3652"/>
   <tile gid="3653"/>
   <tile gid="3654"/>
   <tile gid="3655"/>
   <tile gid="3656"/>
   <tile gid="3657"/>
   <tile gid="3658"/>
   <tile gid="3768"/>
   <tile gid="3769"/>
   <tile gid="3770"/>
   <tile gid="3771"/>
   <tile gid="3772"/>
   <tile gid="3773"/>
   <tile gid="3774"/>
   <tile gid="3775"/>
   <tile gid="3776"/>
   <tile gid="3777"/>
   <tile gid="3778"/>
   <tile gid="3779"/>
   <tile gid="3780"/>
   <tile gid="3781"/>
   <tile gid="3782"/>
   <tile gid="3783"/>
   <tile gid="3784"/>
   <tile gid="3785"/>
   <tile gid="3786"/>
   <tile gid="3896"/>
   <tile gid="3897"/>
   <tile gid="3898"/>
   <tile gid="3899"/>
   <tile gid="3900"/>
   <tile gid="3901"/>
   <tile gid="3902"/>
   <tile gid="3903"/>
   <tile gid="3904"/>
   <tile gid="3905"/>
   <tile gid="3906"/>
   <tile gid="3907"/>
   <tile gid="3908"/>
   <tile gid="3909"/>
   <tile gid="3910"/>
   <tile gid="3911"/>
   <tile gid="3912"/>
   <tile gid="3913"/>
   <tile gid="3914"/>
   <tile gid="4024"/>
   <tile gid="4025"/>
   <tile gid="4026"/>
   <tile gid="4027"/>
   <tile gid="4028"/>
   <tile gid="4029"/>
   <tile gid="4030"/>
   <tile gid="4031"/>
   <tile gid="4032"/>
   <tile gid="4033"/>
   <tile gid="4034"/>
   <tile gid="4035"/>
   <tile gid="4036"/>
   <tile gid="4037"/>
   <tile gid="4038"/>
   <tile gid="4039"/>
   <tile gid="4040"/>
   <tile gid="4041"/>
   <tile gid="4042"/>
   <tile gid="4152"/>
   <tile gid="4153"/>
   <tile gid="4154"/>
   <tile gid="4155"/>
   <tile gid="4156"/>
   <tile gid="4157"/>
   <tile gid="4158"/>
   <tile gid="4159"/>
   <tile gid="4160"/>
   <tile gid="4161"/>
   <tile gid="4162"/>
   <tile gid="4163"/>
   <tile gid="4164"/>
   <tile gid="4165"/>
   <tile gid="4166"/>
   <tile gid="4167"/>
   <tile gid="4168"/>
   <tile gid="4169"/>
   <tile gid="4170"/>
   <tile gid="4280"/>
   <tile gid="4281"/>
   <tile gid="4282"/>
   <tile gid="4283"/>
   <tile gid="4284"/>
   <tile gid="4285"/>
   <tile gid="4286"/>
   <tile gid="4287"/>
   <tile gid="4288"/>
   <tile gid="4289"/>
   <tile gid="4290"/>
   <tile gid="4291"/>
   <tile gid="4292"/>
   <tile gid="4293"/>
   <tile gid="4294"/>
   <tile gid="4295"/>
   <tile gid="4296"/>
   <tile gid="4297"/>
   <tile gid="4298"/>
   <tile gid="4408"/>
   <tile gid="4409"/>
   <tile gid="4410"/>
   <tile gid="4411"/>
   <tile gid="4412"/>
   <tile gid="4413"/>
   <tile gid="4414"/>
   <tile gid="4415"/>
   <tile gid="4416"/>
   <tile gid="4417"/>
   <tile gid="4418"/>
   <tile gid="4419"/>
   <tile gid="4420"/>
   <tile gid="4421"/>
   <tile gid="4422"/>
   <tile gid="4423"/>
   <tile gid="4424"/>
   <tile gid="4425"/>
   <tile gid="4426"/>
   <tile gid="4536"/>
   <tile gid="4537"/>
   <tile gid="4538"/>
   <tile gid="4539"/>
   <tile gid="4540"/>
   <tile gid="4541"/>
   <tile gid="4542"/>
   <tile gid="4543"/>
   <tile gid="4544"/>
   <tile gid="4545"/>
   <tile gid="4546"/>
   <tile gid="4547"/>
   <tile gid="4548"/>
   <tile gid="4549"/>
   <tile gid="4550"/>
   <tile gid="4551"/>
   <tile gid="4552"/>
   <tile gid="4553"/>
   <tile gid="4554"/>
   <tile gid="4664"/>
   <tile gid="4665"/>
   <tile gid="4666"/>
   <tile gid="4667"/>
   <tile gid="4668"/>
   <tile gid="4669"/>
   <tile gid="4670"/>
   <tile gid="4671"/>
   <tile gid="4672"/>
   <tile gid="4673"/>
   <tile gid="4674"/>
   <tile gid="4675"/>
   <tile gid="4676"/>
   <tile gid="4677"/>
   <tile gid="4678"/>
   <tile gid="4679"/>
   <tile gid="4680"/>
   <tile gid="4681"/>
   <tile gid="4682"/>
   <tile gid="2177"/>
   <tile gid="4793"/>
   <tile gid="4794"/>
   <tile gid="4795"/>
   <tile gid="4796"/>
   <tile gid="4797"/>
   <tile gid="4798"/>
   <tile gid="4799"/>
   <tile gid="4800"/>
   <tile gid="4801"/>
   <tile gid="4802"/>
   <tile gid="4803"/>
   <tile gid="4804"/>
   <tile gid="4805"/>
   <tile gid="4806"/>
   <tile gid="4807"/>
   <tile gid="4808"/>
   <tile gid="4809"/>
   <tile gid="4810"/>
   <tile gid="2177"/>
   <tile gid="2177"/>
   <tile gid="2177"/>
   <tile gid="4796"/>
   <tile gid="4797"/>
   <tile gid="4798"/>
   <tile gid="4799"/>
   <tile gid="4800"/>
   <tile gid="4801"/>
   <tile gid="4802"/>
   <tile gid="4803"/>
   <tile gid="4804"/>
   <tile gid="4799"/>
   <tile gid="4799"/>
   <tile gid="2177"/>
   <tile gid="2177"/>
   <tile gid="2177"/>
   <tile gid="2177"/>
   <tile gid="2177"/>
   <tile gid="2177"/>
   <tile gid="2177"/>
   <tile gid="2177"/>
   <tile gid="4796"/>
   <tile gid="4797"/>
   <tile gid="4798"/>
   <tile gid="4799"/>
   <tile gid="4800"/>
   <tile gid="4801"/>
   <tile gid="4802"/>
   <tile gid="4803"/>
   <tile gid="4804"/>
   <tile gid="4799"/>
   <tile gid="4799"/>
   <tile gid="2177"/>
   <tile gid="2177"/>
   <tile gid="2177"/>
   <tile gid="2177"/>
   <tile gid="2177"/>
   <tile gid="2177"/>
   <tile gid="2177"/>
   <tile gid="2177"/>
   <tile gid="4796"/>
   <tile gid="4797"/>
   <tile gid="4798"/>
   <tile gid="4799"/>
   <tile gid="4800"/>
   <tile gid="4801"/>
   <tile gid="4802"/>
   <tile gid="4803"/>
   <tile gid="4804"/>
   <tile gid="4799"/>
   <tile gid="4799"/>
   <tile gid="2177"/>
   <tile gid="2177"/>
   <tile gid="2177"/>
   <tile gid="2177"/>
   <tile gid="2177"/>
   <tile gid="2177"/>
   <tile gid="2177"/>
   <tile gid="2177"/>
   <tile gid="4796"/>
   <tile gid="4797"/>
   <tile gid="4798"/>
   <tile gid="4799"/>
   <tile gid="4800"/>
   <tile gid="4801"/>
   <tile gid="4802"/>
   <tile gid="4803"/>
   <tile gid="4804"/>
   <tile gid="4799"/>
   <tile gid="4799"/>
   <tile gid="2177"/>
   <tile gid="2177"/>
   <tile gid="2177"/>
   <tile gid="2177"/>
   <tile gid="2177"/>
   <tile gid="2177"/>
   <tile gid="2177"/>
   <tile gid="2177"/>
   <tile gid="4796"/>
   <tile gid="4797"/>
   <tile gid="4798"/>
   <tile gid="4799"/>
   <tile gid="4800"/>
   <tile gid="4801"/>
   <tile gid="4802"/>
   <tile gid="4803"/>
   <tile gid="4804"/>
   <tile gid="4799"/>
   <tile gid="4799"/>
   <tile gid="2177"/>
   <tile gid="2177"/>
   <tile gid="2177"/>
   <tile gid="2177"/>
   <tile gid="2177"/>
   <tile gid="2177"/>
   <tile gid="2177"/>
   <tile gid="2177"/>
   <tile gid="4796"/>
   <tile gid="4797"/>
   <tile gid="4798"/>
   <tile gid="4799"/>
   <tile gid="4800"/>
   <tile gid="4801"/>
   <tile gid="4802"/>
   <tile gid="4803"/>
   <tile gid="4804"/>
   <tile gid="4799"/>
   <tile gid="2177"/>
   <tile gid="2177"/>
   <tile gid="2177"/>
   <tile gid="2177"/>
   <tile gid="2177"/>
   <tile gid="2177"/>
   <tile gid="2177"/>
   <tile gid="2177"/>
   <tile gid="2177"/>
   <tile gid="4796"/>
   <tile gid="4797"/>
   <tile gid="4798"/>
   <tile gid="4799"/>
   <tile gid="4800"/>
   <tile gid="4801"/>
   <tile gid="4802"/>
   <tile gid="4803"/>
   <tile gid="4804"/>
   <tile gid="4799"/>
   <tile gid="2177"/>
   <tile gid="2177"/>
   <tile gid="2177"/>
   <tile gid="2177"/>
   <tile gid="2177"/>
   <tile gid="2177"/>
   <tile gid="2177"/>
   <tile gid="2177"/>
   <tile gid="2177"/>
   <tile gid="4796"/>
   <tile gid="4796"/>
   <tile gid="4797"/>
   <tile gid="4798"/>
   <tile gid="4799"/>
   <tile gid="4800"/>
   <tile gid="4801"/>
   <tile gid="4802"/>
   <tile gid="4803"/>
   <tile gid="4799"/>
   <tile gid="2177"/>
   <tile gid="2177"/>
   <tile gid="2177"/>
   <tile gid="2177"/>
   <tile gid="2177"/>
   <tile gid="2177"/>
   <tile gid="2177"/>
   <tile gid="2177"/>
   <tile gid="2177"/>
   <tile gid="4796"/>
   <tile gid="4796"/>
   <tile gid="4797"/>
   <tile gid="4798"/>
   <tile gid="4799"/>
   <tile gid="4800"/>
   <tile gid="4801"/>
   <tile gid="4802"/>
   <tile gid="4803"/>
   <tile gid="4799"/>
   <tile gid="2177"/>
   <tile gid="2177"/>
   <tile gid="2177"/>
   <tile gid="2177"/>
   <tile gid="2177"/>
   <tile gid="2177"/>
   <tile gid="2177"/>
   <tile gid="2177"/>
   <tile gid="2177"/>
   <tile gid="4796"/>
   <tile gid="4796"/>
   <tile gid="4797"/>
   <tile gid="4798"/>
   <tile gid="4799"/>
   <tile gid="4800"/>
   <tile gid="4801"/>
   <tile gid="4802"/>
   <tile gid="4803"/>
   <tile gid="2177"/>
   <tile gid="2177"/>
   <tile gid="2177"/>
   <tile gid="2177"/>
   <tile gid="2177"/>
   <tile gid="2177"/>
   <tile gid="2177"/>
   <tile gid="2177"/>
   <tile gid="2177"/>
   <tile gid="2177"/>
   <tile gid="4796"/>
   <tile gid="4796"/>
   <tile gid="4797"/>
   <tile gid="4798"/>
   <tile gid="4799"/>
   <tile gid="4800"/>
   <tile gid="4801"/>
   <tile gid="4802"/>
   <tile gid="4803"/>
   <tile gid="2177"/>
   <tile gid="2177"/>
   <tile gid="2177"/>
   <tile gid="2177"/>
   <tile gid="2177"/>
   <tile gid="2177"/>
   <tile gid="2177"/>
   <tile gid="2177"/>
   <tile gid="2177"/>
   <tile gid="2177"/>
   <tile gid="4796"/>
   <tile gid="4797"/>
   <tile gid="4798"/>
   <tile gid="4799"/>
   <tile gid="4800"/>
   <tile gid="4801"/>
   <tile gid="4802"/>
   <tile gid="4803"/>
   <tile gid="4804"/>
   <tile gid="2177"/>
   <tile gid="2177"/>
   <tile gid="2177"/>
   <tile gid="2177"/>
   <tile gid="2177"/>
   <tile gid="2177"/>
   <tile gid="2177"/>
   <tile gid="2177"/>
   <tile gid="2177"/>
   <tile gid="2177"/>
   <tile gid="4796"/>
   <tile gid="4797"/>
   <tile gid="4798"/>
   <tile gid="4799"/>
   <tile gid="4800"/>
   <tile gid="4801"/>
   <tile gid="4802"/>
   <tile gid="4803"/>
   <tile gid="4804"/>
   <tile gid="2177"/>
   <tile gid="2177"/>
   <tile gid="2177"/>
   <tile gid="2177"/>
   <tile gid="2177"/>
   <tile gid="2177"/>
   <tile gid="2177"/>
   <tile gid="2177"/>
   <tile gid="2177"/>
   <tile gid="2177"/>
   <tile gid="4796"/>
   <tile gid="4797"/>
   <tile gid="4798"/>
   <tile gid="4799"/>
   <tile gid="4800"/>
   <tile gid="4801"/>
   <tile gid="4802"/>
   <tile gid="4799"/>
   <tile gid="4799"/>
   <tile gid="2177"/>
   <tile gid="2177"/>
   <tile gid="2177"/>
   <tile gid="2177"/>
   <tile gid="2177"/>
   <tile gid="2177"/>
   <tile gid="2177"/>
   <tile gid="2177"/>
   <tile gid="2177"/>
   <tile gid="2177"/>
   <tile gid="4797"/>
   <tile gid="4798"/>
   <tile gid="4799"/>
   <tile gid="4800"/>
   <tile gid="4801"/>
   <tile gid="4802"/>
   <tile gid="4803"/>
   <tile gid="4804"/>
   <tile gid="4799"/>
   <tile gid="2177"/>
   <tile gid="2177"/>
   <tile gid="2177"/>
   <tile gid="2177"/>
   <tile gid="2177"/>
   <tile gid="2177"/>
   <tile gid="2177"/>
   <tile gid="2177"/>
   <tile gid="2177"/>
   <tile gid="2177"/>
   <tile gid="4797"/>
   <tile gid="4798"/>
   <tile gid="4799"/>
   <tile gid="4800"/>
   <tile gid="4801"/>
   <tile gid="4802"/>
   <tile gid="4803"/>
   <tile gid="4804"/>
   <tile gid="4799"/>
   <tile gid="2177"/>
   <tile gid="2177"/>
   <tile gid="2177"/>
   <tile gid="2177"/>
   <tile gid="2177"/>
   <tile gid="2177"/>
   <tile gid="2177"/>
   <tile gid="2177"/>
   <tile gid="2177"/>
   <tile gid="2177"/>
   <tile gid="4797"/>
   <tile gid="4798"/>
   <tile gid="4799"/>
   <tile gid="4800"/>
   <tile gid="4801"/>
   <tile gid="4802"/>
   <tile gid="4803"/>
   <tile gid="4804"/>
   <tile gid="4799"/>
   <tile gid="2177"/>
   <tile gid="2177"/>
   <tile gid="2177"/>
   <tile gid="2177"/>
   <tile gid="2177"/>
   <tile gid="2177"/>
   <tile gid="2177"/>
  </data>
 </layer>
</map>
