<?xml version="1.0" encoding="UTF-8"?>
<map version="1.2" tiledversion="1.3.1" orientation="orthogonal" renderorder="right-down" compressionlevel="0" width="28" height="48" tilewidth="8" tileheight="8" infinite="0" nextlayerid="2" nextobjectid="1">
 <editorsettings>
  <export target="aztec1.xml" format="tmx"/>
 </editorsettings>
 <tileset firstgid="1" source="../Tiles.tsx"/>
 <layer id="1" name="Tile Layer 1" width="28" height="48" opacity="0.98">
  <data>
   <tile gid="4914"/>
   <tile gid="4915"/>
   <tile gid="4916"/>
   <tile gid="4917"/>
   <tile gid="4908"/>
   <tile gid="4909"/>
   <tile gid="4910"/>
   <tile gid="4911"/>
   <tile gid="4912"/>
   <tile gid="4913"/>
   <tile gid="4914"/>
   <tile gid="4915"/>
   <tile gid="4916"/>
   <tile gid="4917"/>
   <tile gid="4908"/>
   <tile gid="4909"/>
   <tile gid="4910"/>
   <tile gid="4911"/>
   <tile gid="4912"/>
   <tile gid="4913"/>
   <tile gid="4914"/>
   <tile gid="4915"/>
   <tile gid="4916"/>
   <tile gid="4917"/>
   <tile gid="4908"/>
   <tile gid="4909"/>
   <tile gid="4910"/>
   <tile gid="4911"/>
   <tile gid="5042"/>
   <tile gid="5043"/>
   <tile gid="5044"/>
   <tile gid="5045"/>
   <tile gid="5036"/>
   <tile gid="5037"/>
   <tile gid="5038"/>
   <tile gid="5039"/>
   <tile gid="5040"/>
   <tile gid="5041"/>
   <tile gid="5042"/>
   <tile gid="5043"/>
   <tile gid="5044"/>
   <tile gid="5045"/>
   <tile gid="5036"/>
   <tile gid="5037"/>
   <tile gid="5038"/>
   <tile gid="5039"/>
   <tile gid="5040"/>
   <tile gid="5041"/>
   <tile gid="5042"/>
   <tile gid="5043"/>
   <tile gid="5044"/>
   <tile gid="5045"/>
   <tile gid="5036"/>
   <tile gid="5037"/>
   <tile gid="5038"/>
   <tile gid="5039"/>
   <tile gid="5170"/>
   <tile gid="5171"/>
   <tile gid="5172"/>
   <tile gid="5173"/>
   <tile gid="5164"/>
   <tile gid="5165"/>
   <tile gid="5166"/>
   <tile gid="5167"/>
   <tile gid="5168"/>
   <tile gid="5169"/>
   <tile gid="5170"/>
   <tile gid="5171"/>
   <tile gid="5172"/>
   <tile gid="5173"/>
   <tile gid="5164"/>
   <tile gid="5165"/>
   <tile gid="5166"/>
   <tile gid="5167"/>
   <tile gid="5168"/>
   <tile gid="5169"/>
   <tile gid="5170"/>
   <tile gid="5171"/>
   <tile gid="5172"/>
   <tile gid="5173"/>
   <tile gid="5164"/>
   <tile gid="5165"/>
   <tile gid="5166"/>
   <tile gid="5167"/>
   <tile gid="5298"/>
   <tile gid="5299"/>
   <tile gid="5300"/>
   <tile gid="5301"/>
   <tile gid="5292"/>
   <tile gid="5293"/>
   <tile gid="5294"/>
   <tile gid="5295"/>
   <tile gid="5296"/>
   <tile gid="5297"/>
   <tile gid="5298"/>
   <tile gid="5299"/>
   <tile gid="5300"/>
   <tile gid="5301"/>
   <tile gid="5292"/>
   <tile gid="5293"/>
   <tile gid="5294"/>
   <tile gid="5295"/>
   <tile gid="5296"/>
   <tile gid="5297"/>
   <tile gid="5298"/>
   <tile gid="5299"/>
   <tile gid="5300"/>
   <tile gid="5301"/>
   <tile gid="5292"/>
   <tile gid="5293"/>
   <tile gid="5294"/>
   <tile gid="5295"/>
   <tile gid="4909"/>
   <tile gid="4910"/>
   <tile gid="4911"/>
   <tile gid="4912"/>
   <tile gid="4913"/>
   <tile gid="4914"/>
   <tile gid="4915"/>
   <tile gid="4916"/>
   <tile gid="4917"/>
   <tile gid="4908"/>
   <tile gid="4909"/>
   <tile gid="4910"/>
   <tile gid="4911"/>
   <tile gid="4912"/>
   <tile gid="4913"/>
   <tile gid="4914"/>
   <tile gid="4915"/>
   <tile gid="4916"/>
   <tile gid="4917"/>
   <tile gid="4908"/>
   <tile gid="4909"/>
   <tile gid="4910"/>
   <tile gid="4911"/>
   <tile gid="4912"/>
   <tile gid="4913"/>
   <tile gid="4914"/>
   <tile gid="4915"/>
   <tile gid="4916"/>
   <tile gid="5037"/>
   <tile gid="5038"/>
   <tile gid="5039"/>
   <tile gid="5040"/>
   <tile gid="5041"/>
   <tile gid="5042"/>
   <tile gid="5043"/>
   <tile gid="5044"/>
   <tile gid="5045"/>
   <tile gid="5036"/>
   <tile gid="5037"/>
   <tile gid="5038"/>
   <tile gid="5039"/>
   <tile gid="5040"/>
   <tile gid="5041"/>
   <tile gid="5042"/>
   <tile gid="5043"/>
   <tile gid="5044"/>
   <tile gid="5045"/>
   <tile gid="5036"/>
   <tile gid="5037"/>
   <tile gid="5038"/>
   <tile gid="5039"/>
   <tile gid="5040"/>
   <tile gid="5041"/>
   <tile gid="5042"/>
   <tile gid="5043"/>
   <tile gid="5044"/>
   <tile gid="5165"/>
   <tile gid="5166"/>
   <tile gid="5167"/>
   <tile gid="5168"/>
   <tile gid="5169"/>
   <tile gid="5170"/>
   <tile gid="5171"/>
   <tile gid="5172"/>
   <tile gid="5173"/>
   <tile gid="5164"/>
   <tile gid="5165"/>
   <tile gid="5166"/>
   <tile gid="5167"/>
   <tile gid="5168"/>
   <tile gid="5169"/>
   <tile gid="5170"/>
   <tile gid="5171"/>
   <tile gid="5172"/>
   <tile gid="5173"/>
   <tile gid="5164"/>
   <tile gid="5165"/>
   <tile gid="5166"/>
   <tile gid="5167"/>
   <tile gid="5168"/>
   <tile gid="5169"/>
   <tile gid="5170"/>
   <tile gid="5171"/>
   <tile gid="5172"/>
   <tile gid="5293"/>
   <tile gid="5294"/>
   <tile gid="5295"/>
   <tile gid="5296"/>
   <tile gid="5297"/>
   <tile gid="5298"/>
   <tile gid="5299"/>
   <tile gid="5300"/>
   <tile gid="5301"/>
   <tile gid="5292"/>
   <tile gid="5293"/>
   <tile gid="5294"/>
   <tile gid="5295"/>
   <tile gid="5296"/>
   <tile gid="5297"/>
   <tile gid="5298"/>
   <tile gid="5299"/>
   <tile gid="5300"/>
   <tile gid="5301"/>
   <tile gid="5292"/>
   <tile gid="5293"/>
   <tile gid="5294"/>
   <tile gid="5295"/>
   <tile gid="5296"/>
   <tile gid="5297"/>
   <tile gid="5298"/>
   <tile gid="5299"/>
   <tile gid="5300"/>
   <tile gid="5421"/>
   <tile gid="5422"/>
   <tile gid="5423"/>
   <tile gid="5424"/>
   <tile gid="5425"/>
   <tile gid="5426"/>
   <tile gid="5427"/>
   <tile gid="5428"/>
   <tile gid="5429"/>
   <tile gid="5420"/>
   <tile gid="5421"/>
   <tile gid="5422"/>
   <tile gid="5423"/>
   <tile gid="5424"/>
   <tile gid="5425"/>
   <tile gid="5426"/>
   <tile gid="5427"/>
   <tile gid="5428"/>
   <tile gid="5429"/>
   <tile gid="5420"/>
   <tile gid="5421"/>
   <tile gid="5422"/>
   <tile gid="5423"/>
   <tile gid="5424"/>
   <tile gid="5425"/>
   <tile gid="5426"/>
   <tile gid="5427"/>
   <tile gid="5428"/>
   <tile gid="4012"/>
   <tile gid="4013"/>
   <tile gid="4014"/>
   <tile gid="4015"/>
   <tile gid="4016"/>
   <tile gid="4017"/>
   <tile gid="4018"/>
   <tile gid="4019"/>
   <tile gid="2476"/>
   <tile gid="2477"/>
   <tile gid="2478"/>
   <tile gid="2479"/>
   <tile gid="2480"/>
   <tile gid="2481"/>
   <tile gid="2482"/>
   <tile gid="2483"/>
   <tile gid="2484"/>
   <tile gid="2485"/>
   <tile gid="2486"/>
   <tile gid="2487"/>
   <tile gid="4012"/>
   <tile gid="4013"/>
   <tile gid="4014"/>
   <tile gid="4015"/>
   <tile gid="4016"/>
   <tile gid="4017"/>
   <tile gid="4018"/>
   <tile gid="4019"/>
   <tile gid="4140"/>
   <tile gid="4141"/>
   <tile gid="4142"/>
   <tile gid="4143"/>
   <tile gid="4144"/>
   <tile gid="4145"/>
   <tile gid="4146"/>
   <tile gid="4147"/>
   <tile gid="2604"/>
   <tile gid="2605"/>
   <tile gid="2606"/>
   <tile gid="2607"/>
   <tile gid="2608"/>
   <tile gid="2609"/>
   <tile gid="2610"/>
   <tile gid="2611"/>
   <tile gid="2612"/>
   <tile gid="2613"/>
   <tile gid="2614"/>
   <tile gid="2615"/>
   <tile gid="4140"/>
   <tile gid="4141"/>
   <tile gid="4142"/>
   <tile gid="4143"/>
   <tile gid="4144"/>
   <tile gid="4145"/>
   <tile gid="4146"/>
   <tile gid="4147"/>
   <tile gid="4268"/>
   <tile gid="4269"/>
   <tile gid="4270"/>
   <tile gid="4271"/>
   <tile gid="4272"/>
   <tile gid="4273"/>
   <tile gid="4274"/>
   <tile gid="4275"/>
   <tile gid="2732"/>
   <tile gid="2733"/>
   <tile gid="2734"/>
   <tile gid="2735"/>
   <tile gid="2736"/>
   <tile gid="2737"/>
   <tile gid="2738"/>
   <tile gid="2739"/>
   <tile gid="2740"/>
   <tile gid="2741"/>
   <tile gid="2742"/>
   <tile gid="2743"/>
   <tile gid="4268"/>
   <tile gid="4269"/>
   <tile gid="4270"/>
   <tile gid="4271"/>
   <tile gid="4272"/>
   <tile gid="4273"/>
   <tile gid="4274"/>
   <tile gid="4275"/>
   <tile gid="4396"/>
   <tile gid="4397"/>
   <tile gid="4398"/>
   <tile gid="4399"/>
   <tile gid="4400"/>
   <tile gid="4401"/>
   <tile gid="4402"/>
   <tile gid="4403"/>
   <tile gid="2860"/>
   <tile gid="2861"/>
   <tile gid="2862"/>
   <tile gid="2863"/>
   <tile gid="2864"/>
   <tile gid="2865"/>
   <tile gid="2866"/>
   <tile gid="2867"/>
   <tile gid="2868"/>
   <tile gid="2869"/>
   <tile gid="2870"/>
   <tile gid="2871"/>
   <tile gid="4396"/>
   <tile gid="4397"/>
   <tile gid="4398"/>
   <tile gid="4399"/>
   <tile gid="4400"/>
   <tile gid="4401"/>
   <tile gid="4402"/>
   <tile gid="4403"/>
   <tile gid="4524"/>
   <tile gid="4525"/>
   <tile gid="4526"/>
   <tile gid="4527"/>
   <tile gid="4528"/>
   <tile gid="4529"/>
   <tile gid="4530"/>
   <tile gid="4531"/>
   <tile gid="2988"/>
   <tile gid="2989"/>
   <tile gid="2990"/>
   <tile gid="2991"/>
   <tile gid="2992"/>
   <tile gid="2993"/>
   <tile gid="2994"/>
   <tile gid="2995"/>
   <tile gid="2996"/>
   <tile gid="2997"/>
   <tile gid="2998"/>
   <tile gid="2999"/>
   <tile gid="4524"/>
   <tile gid="4525"/>
   <tile gid="4526"/>
   <tile gid="4527"/>
   <tile gid="4528"/>
   <tile gid="4529"/>
   <tile gid="4530"/>
   <tile gid="4531"/>
   <tile gid="4652"/>
   <tile gid="4653"/>
   <tile gid="4654"/>
   <tile gid="4655"/>
   <tile gid="4656"/>
   <tile gid="4657"/>
   <tile gid="4658"/>
   <tile gid="4659"/>
   <tile gid="3116"/>
   <tile gid="3117"/>
   <tile gid="3118"/>
   <tile gid="3119"/>
   <tile gid="3120"/>
   <tile gid="3121"/>
   <tile gid="3122"/>
   <tile gid="3123"/>
   <tile gid="3124"/>
   <tile gid="3125"/>
   <tile gid="3126"/>
   <tile gid="3127"/>
   <tile gid="4652"/>
   <tile gid="4653"/>
   <tile gid="4654"/>
   <tile gid="4655"/>
   <tile gid="4656"/>
   <tile gid="4657"/>
   <tile gid="4658"/>
   <tile gid="4659"/>
   <tile gid="4780"/>
   <tile gid="4781"/>
   <tile gid="4782"/>
   <tile gid="4783"/>
   <tile gid="4784"/>
   <tile gid="4785"/>
   <tile gid="4786"/>
   <tile gid="4787"/>
   <tile gid="3244"/>
   <tile gid="3245"/>
   <tile gid="3246"/>
   <tile gid="3247"/>
   <tile gid="3248"/>
   <tile gid="3249"/>
   <tile gid="3250"/>
   <tile gid="3251"/>
   <tile gid="3252"/>
   <tile gid="3253"/>
   <tile gid="3254"/>
   <tile gid="3255"/>
   <tile gid="4780"/>
   <tile gid="4781"/>
   <tile gid="4782"/>
   <tile gid="4783"/>
   <tile gid="4784"/>
   <tile gid="4785"/>
   <tile gid="4786"/>
   <tile gid="4787"/>
   <tile gid="4012"/>
   <tile gid="4013"/>
   <tile gid="4014"/>
   <tile gid="4015"/>
   <tile gid="4016"/>
   <tile gid="4017"/>
   <tile gid="4018"/>
   <tile gid="4019"/>
   <tile gid="3372"/>
   <tile gid="3373"/>
   <tile gid="3374"/>
   <tile gid="3375"/>
   <tile gid="3376"/>
   <tile gid="3377"/>
   <tile gid="3378"/>
   <tile gid="3379"/>
   <tile gid="3380"/>
   <tile gid="3381"/>
   <tile gid="3382"/>
   <tile gid="3383"/>
   <tile gid="4012"/>
   <tile gid="4013"/>
   <tile gid="4014"/>
   <tile gid="4015"/>
   <tile gid="4016"/>
   <tile gid="4017"/>
   <tile gid="4018"/>
   <tile gid="4019"/>
   <tile gid="4140"/>
   <tile gid="4141"/>
   <tile gid="4142"/>
   <tile gid="4143"/>
   <tile gid="4144"/>
   <tile gid="4145"/>
   <tile gid="4146"/>
   <tile gid="4147"/>
   <tile gid="3500"/>
   <tile gid="3501"/>
   <tile gid="3502"/>
   <tile gid="3503"/>
   <tile gid="3504"/>
   <tile gid="3505"/>
   <tile gid="3506"/>
   <tile gid="3507"/>
   <tile gid="3508"/>
   <tile gid="3509"/>
   <tile gid="3510"/>
   <tile gid="3511"/>
   <tile gid="4140"/>
   <tile gid="4141"/>
   <tile gid="4142"/>
   <tile gid="4143"/>
   <tile gid="4144"/>
   <tile gid="4145"/>
   <tile gid="4146"/>
   <tile gid="4147"/>
   <tile gid="4268"/>
   <tile gid="4269"/>
   <tile gid="4270"/>
   <tile gid="4271"/>
   <tile gid="4272"/>
   <tile gid="4273"/>
   <tile gid="4274"/>
   <tile gid="4275"/>
   <tile gid="3628"/>
   <tile gid="3629"/>
   <tile gid="3630"/>
   <tile gid="3631"/>
   <tile gid="3632"/>
   <tile gid="3633"/>
   <tile gid="3634"/>
   <tile gid="3635"/>
   <tile gid="3636"/>
   <tile gid="3637"/>
   <tile gid="3638"/>
   <tile gid="3639"/>
   <tile gid="4268"/>
   <tile gid="4269"/>
   <tile gid="4270"/>
   <tile gid="4271"/>
   <tile gid="4272"/>
   <tile gid="4273"/>
   <tile gid="4274"/>
   <tile gid="4275"/>
   <tile gid="4396"/>
   <tile gid="4397"/>
   <tile gid="4398"/>
   <tile gid="4399"/>
   <tile gid="4400"/>
   <tile gid="4401"/>
   <tile gid="4402"/>
   <tile gid="4403"/>
   <tile gid="3756"/>
   <tile gid="3757"/>
   <tile gid="3758"/>
   <tile gid="3759"/>
   <tile gid="3760"/>
   <tile gid="3761"/>
   <tile gid="3762"/>
   <tile gid="3763"/>
   <tile gid="3764"/>
   <tile gid="3765"/>
   <tile gid="3766"/>
   <tile gid="3767"/>
   <tile gid="4396"/>
   <tile gid="4397"/>
   <tile gid="4398"/>
   <tile gid="4399"/>
   <tile gid="4400"/>
   <tile gid="4401"/>
   <tile gid="4402"/>
   <tile gid="4403"/>
   <tile gid="4524"/>
   <tile gid="4525"/>
   <tile gid="4526"/>
   <tile gid="4527"/>
   <tile gid="4528"/>
   <tile gid="4529"/>
   <tile gid="4530"/>
   <tile gid="4531"/>
   <tile gid="3884"/>
   <tile gid="3885"/>
   <tile gid="3886"/>
   <tile gid="3887"/>
   <tile gid="3888"/>
   <tile gid="3889"/>
   <tile gid="3890"/>
   <tile gid="3891"/>
   <tile gid="3892"/>
   <tile gid="3893"/>
   <tile gid="3894"/>
   <tile gid="3895"/>
   <tile gid="4524"/>
   <tile gid="4525"/>
   <tile gid="4526"/>
   <tile gid="4527"/>
   <tile gid="4528"/>
   <tile gid="4529"/>
   <tile gid="4530"/>
   <tile gid="4531"/>
   <tile gid="4652"/>
   <tile gid="4653"/>
   <tile gid="4654"/>
   <tile gid="4655"/>
   <tile gid="4656"/>
   <tile gid="4657"/>
   <tile gid="4658"/>
   <tile gid="4659"/>
   <tile gid="2732"/>
   <tile gid="2733"/>
   <tile gid="2734"/>
   <tile gid="2735"/>
   <tile gid="2736"/>
   <tile gid="2737"/>
   <tile gid="2738"/>
   <tile gid="2739"/>
   <tile gid="2740"/>
   <tile gid="2741"/>
   <tile gid="2742"/>
   <tile gid="2743"/>
   <tile gid="4652"/>
   <tile gid="4653"/>
   <tile gid="4654"/>
   <tile gid="4655"/>
   <tile gid="4656"/>
   <tile gid="4657"/>
   <tile gid="4658"/>
   <tile gid="4659"/>
   <tile gid="4780"/>
   <tile gid="4781"/>
   <tile gid="4782"/>
   <tile gid="4783"/>
   <tile gid="4784"/>
   <tile gid="4785"/>
   <tile gid="4786"/>
   <tile gid="4787"/>
   <tile gid="2860"/>
   <tile gid="2861"/>
   <tile gid="2862"/>
   <tile gid="2863"/>
   <tile gid="2864"/>
   <tile gid="2865"/>
   <tile gid="2866"/>
   <tile gid="2867"/>
   <tile gid="2868"/>
   <tile gid="2869"/>
   <tile gid="2870"/>
   <tile gid="2871"/>
   <tile gid="4780"/>
   <tile gid="4781"/>
   <tile gid="4782"/>
   <tile gid="4783"/>
   <tile gid="4784"/>
   <tile gid="4785"/>
   <tile gid="4786"/>
   <tile gid="4787"/>
   <tile gid="4012"/>
   <tile gid="4013"/>
   <tile gid="4014"/>
   <tile gid="4015"/>
   <tile gid="4016"/>
   <tile gid="4017"/>
   <tile gid="4018"/>
   <tile gid="4019"/>
   <tile gid="2988"/>
   <tile gid="2989"/>
   <tile gid="2990"/>
   <tile gid="2991"/>
   <tile gid="2992"/>
   <tile gid="2993"/>
   <tile gid="2994"/>
   <tile gid="2995"/>
   <tile gid="2996"/>
   <tile gid="2997"/>
   <tile gid="2998"/>
   <tile gid="2999"/>
   <tile gid="4012"/>
   <tile gid="4013"/>
   <tile gid="4014"/>
   <tile gid="4015"/>
   <tile gid="4016"/>
   <tile gid="4017"/>
   <tile gid="4018"/>
   <tile gid="4019"/>
   <tile gid="4140"/>
   <tile gid="4141"/>
   <tile gid="4142"/>
   <tile gid="4143"/>
   <tile gid="4144"/>
   <tile gid="4145"/>
   <tile gid="4146"/>
   <tile gid="4147"/>
   <tile gid="3116"/>
   <tile gid="3117"/>
   <tile gid="3118"/>
   <tile gid="3119"/>
   <tile gid="3120"/>
   <tile gid="3121"/>
   <tile gid="3122"/>
   <tile gid="3123"/>
   <tile gid="3124"/>
   <tile gid="3125"/>
   <tile gid="3126"/>
   <tile gid="3127"/>
   <tile gid="4140"/>
   <tile gid="4141"/>
   <tile gid="4142"/>
   <tile gid="4143"/>
   <tile gid="4144"/>
   <tile gid="4145"/>
   <tile gid="4146"/>
   <tile gid="4147"/>
   <tile gid="4268"/>
   <tile gid="4269"/>
   <tile gid="4270"/>
   <tile gid="4271"/>
   <tile gid="4272"/>
   <tile gid="4273"/>
   <tile gid="4274"/>
   <tile gid="4275"/>
   <tile gid="3244"/>
   <tile gid="3245"/>
   <tile gid="3246"/>
   <tile gid="3247"/>
   <tile gid="3248"/>
   <tile gid="3249"/>
   <tile gid="3250"/>
   <tile gid="3251"/>
   <tile gid="3252"/>
   <tile gid="3253"/>
   <tile gid="3254"/>
   <tile gid="3255"/>
   <tile gid="4268"/>
   <tile gid="4269"/>
   <tile gid="4270"/>
   <tile gid="4271"/>
   <tile gid="4272"/>
   <tile gid="4273"/>
   <tile gid="4274"/>
   <tile gid="4275"/>
   <tile gid="4396"/>
   <tile gid="4397"/>
   <tile gid="4398"/>
   <tile gid="4399"/>
   <tile gid="4400"/>
   <tile gid="4401"/>
   <tile gid="4402"/>
   <tile gid="4403"/>
   <tile gid="3372"/>
   <tile gid="3373"/>
   <tile gid="3374"/>
   <tile gid="3375"/>
   <tile gid="3376"/>
   <tile gid="3377"/>
   <tile gid="3378"/>
   <tile gid="3379"/>
   <tile gid="3380"/>
   <tile gid="3381"/>
   <tile gid="3382"/>
   <tile gid="3383"/>
   <tile gid="4396"/>
   <tile gid="4397"/>
   <tile gid="4398"/>
   <tile gid="4399"/>
   <tile gid="4400"/>
   <tile gid="4401"/>
   <tile gid="4402"/>
   <tile gid="4403"/>
   <tile gid="4524"/>
   <tile gid="4525"/>
   <tile gid="4526"/>
   <tile gid="4527"/>
   <tile gid="4528"/>
   <tile gid="4529"/>
   <tile gid="4530"/>
   <tile gid="4531"/>
   <tile gid="3500"/>
   <tile gid="3501"/>
   <tile gid="3502"/>
   <tile gid="3503"/>
   <tile gid="3504"/>
   <tile gid="3505"/>
   <tile gid="3506"/>
   <tile gid="3507"/>
   <tile gid="3508"/>
   <tile gid="3509"/>
   <tile gid="3510"/>
   <tile gid="3511"/>
   <tile gid="4524"/>
   <tile gid="4525"/>
   <tile gid="4526"/>
   <tile gid="4527"/>
   <tile gid="4528"/>
   <tile gid="4529"/>
   <tile gid="4530"/>
   <tile gid="4531"/>
   <tile gid="4652"/>
   <tile gid="4653"/>
   <tile gid="4654"/>
   <tile gid="4655"/>
   <tile gid="4656"/>
   <tile gid="4657"/>
   <tile gid="4658"/>
   <tile gid="4659"/>
   <tile gid="3628"/>
   <tile gid="3629"/>
   <tile gid="3630"/>
   <tile gid="3631"/>
   <tile gid="3632"/>
   <tile gid="3633"/>
   <tile gid="3634"/>
   <tile gid="3635"/>
   <tile gid="3636"/>
   <tile gid="3637"/>
   <tile gid="3638"/>
   <tile gid="3639"/>
   <tile gid="4652"/>
   <tile gid="4653"/>
   <tile gid="4654"/>
   <tile gid="4655"/>
   <tile gid="4656"/>
   <tile gid="4657"/>
   <tile gid="4658"/>
   <tile gid="4659"/>
   <tile gid="4780"/>
   <tile gid="4781"/>
   <tile gid="4782"/>
   <tile gid="4783"/>
   <tile gid="4784"/>
   <tile gid="4785"/>
   <tile gid="4786"/>
   <tile gid="4787"/>
   <tile gid="3756"/>
   <tile gid="3757"/>
   <tile gid="3758"/>
   <tile gid="3759"/>
   <tile gid="3760"/>
   <tile gid="3761"/>
   <tile gid="3762"/>
   <tile gid="3763"/>
   <tile gid="3764"/>
   <tile gid="3765"/>
   <tile gid="3766"/>
   <tile gid="3767"/>
   <tile gid="4780"/>
   <tile gid="4781"/>
   <tile gid="4782"/>
   <tile gid="4783"/>
   <tile gid="4784"/>
   <tile gid="4785"/>
   <tile gid="4786"/>
   <tile gid="4787"/>
   <tile gid="4012"/>
   <tile gid="4013"/>
   <tile gid="4014"/>
   <tile gid="4015"/>
   <tile gid="4016"/>
   <tile gid="4017"/>
   <tile gid="4018"/>
   <tile gid="4019"/>
   <tile gid="3884"/>
   <tile gid="3885"/>
   <tile gid="3886"/>
   <tile gid="3887"/>
   <tile gid="3888"/>
   <tile gid="3889"/>
   <tile gid="3890"/>
   <tile gid="3891"/>
   <tile gid="3892"/>
   <tile gid="3893"/>
   <tile gid="3894"/>
   <tile gid="3895"/>
   <tile gid="4012"/>
   <tile gid="4013"/>
   <tile gid="4014"/>
   <tile gid="4015"/>
   <tile gid="4016"/>
   <tile gid="4017"/>
   <tile gid="4018"/>
   <tile gid="4019"/>
   <tile gid="4140"/>
   <tile gid="4141"/>
   <tile gid="4142"/>
   <tile gid="4143"/>
   <tile gid="4144"/>
   <tile gid="4145"/>
   <tile gid="4146"/>
   <tile gid="4147"/>
   <tile gid="2732"/>
   <tile gid="2733"/>
   <tile gid="2734"/>
   <tile gid="2735"/>
   <tile gid="2736"/>
   <tile gid="2737"/>
   <tile gid="2738"/>
   <tile gid="2739"/>
   <tile gid="2740"/>
   <tile gid="2741"/>
   <tile gid="2742"/>
   <tile gid="2743"/>
   <tile gid="4140"/>
   <tile gid="4141"/>
   <tile gid="4142"/>
   <tile gid="4143"/>
   <tile gid="4144"/>
   <tile gid="4145"/>
   <tile gid="4146"/>
   <tile gid="4147"/>
   <tile gid="4268"/>
   <tile gid="4269"/>
   <tile gid="4270"/>
   <tile gid="4271"/>
   <tile gid="4272"/>
   <tile gid="4273"/>
   <tile gid="4274"/>
   <tile gid="4275"/>
   <tile gid="2860"/>
   <tile gid="2861"/>
   <tile gid="2862"/>
   <tile gid="2863"/>
   <tile gid="2864"/>
   <tile gid="2865"/>
   <tile gid="2866"/>
   <tile gid="2867"/>
   <tile gid="2868"/>
   <tile gid="2869"/>
   <tile gid="2870"/>
   <tile gid="2871"/>
   <tile gid="4268"/>
   <tile gid="4269"/>
   <tile gid="4270"/>
   <tile gid="4271"/>
   <tile gid="4272"/>
   <tile gid="4273"/>
   <tile gid="4274"/>
   <tile gid="4275"/>
   <tile gid="4396"/>
   <tile gid="4397"/>
   <tile gid="4398"/>
   <tile gid="4399"/>
   <tile gid="4400"/>
   <tile gid="4401"/>
   <tile gid="4402"/>
   <tile gid="4403"/>
   <tile gid="2988"/>
   <tile gid="2989"/>
   <tile gid="2990"/>
   <tile gid="2991"/>
   <tile gid="2992"/>
   <tile gid="2993"/>
   <tile gid="2994"/>
   <tile gid="2995"/>
   <tile gid="2996"/>
   <tile gid="2997"/>
   <tile gid="2998"/>
   <tile gid="2999"/>
   <tile gid="4396"/>
   <tile gid="4397"/>
   <tile gid="4398"/>
   <tile gid="4399"/>
   <tile gid="4400"/>
   <tile gid="4401"/>
   <tile gid="4402"/>
   <tile gid="4403"/>
   <tile gid="4524"/>
   <tile gid="4525"/>
   <tile gid="4526"/>
   <tile gid="4527"/>
   <tile gid="4528"/>
   <tile gid="4529"/>
   <tile gid="4530"/>
   <tile gid="4531"/>
   <tile gid="3116"/>
   <tile gid="3117"/>
   <tile gid="3118"/>
   <tile gid="3119"/>
   <tile gid="3120"/>
   <tile gid="3121"/>
   <tile gid="3122"/>
   <tile gid="3123"/>
   <tile gid="3124"/>
   <tile gid="3125"/>
   <tile gid="3126"/>
   <tile gid="3127"/>
   <tile gid="4524"/>
   <tile gid="4525"/>
   <tile gid="4526"/>
   <tile gid="4527"/>
   <tile gid="4528"/>
   <tile gid="4529"/>
   <tile gid="4530"/>
   <tile gid="4531"/>
   <tile gid="4652"/>
   <tile gid="4653"/>
   <tile gid="4654"/>
   <tile gid="4655"/>
   <tile gid="4656"/>
   <tile gid="4657"/>
   <tile gid="4658"/>
   <tile gid="4659"/>
   <tile gid="3244"/>
   <tile gid="3245"/>
   <tile gid="3246"/>
   <tile gid="3247"/>
   <tile gid="3248"/>
   <tile gid="3249"/>
   <tile gid="3250"/>
   <tile gid="3251"/>
   <tile gid="3252"/>
   <tile gid="3253"/>
   <tile gid="3254"/>
   <tile gid="3255"/>
   <tile gid="4652"/>
   <tile gid="4653"/>
   <tile gid="4654"/>
   <tile gid="4655"/>
   <tile gid="4656"/>
   <tile gid="4657"/>
   <tile gid="4658"/>
   <tile gid="4659"/>
   <tile gid="4780"/>
   <tile gid="4781"/>
   <tile gid="4782"/>
   <tile gid="4783"/>
   <tile gid="4784"/>
   <tile gid="4785"/>
   <tile gid="4786"/>
   <tile gid="4787"/>
   <tile gid="3372"/>
   <tile gid="3373"/>
   <tile gid="3374"/>
   <tile gid="3375"/>
   <tile gid="3376"/>
   <tile gid="3377"/>
   <tile gid="3378"/>
   <tile gid="3379"/>
   <tile gid="3380"/>
   <tile gid="3381"/>
   <tile gid="3382"/>
   <tile gid="3383"/>
   <tile gid="4780"/>
   <tile gid="4781"/>
   <tile gid="4782"/>
   <tile gid="4783"/>
   <tile gid="4784"/>
   <tile gid="4785"/>
   <tile gid="4786"/>
   <tile gid="4787"/>
   <tile gid="4914"/>
   <tile gid="4915"/>
   <tile gid="4916"/>
   <tile gid="4917"/>
   <tile gid="4908"/>
   <tile gid="4909"/>
   <tile gid="4910"/>
   <tile gid="4911"/>
   <tile gid="3500"/>
   <tile gid="3501"/>
   <tile gid="3502"/>
   <tile gid="3503"/>
   <tile gid="3504"/>
   <tile gid="3505"/>
   <tile gid="3506"/>
   <tile gid="3507"/>
   <tile gid="3508"/>
   <tile gid="3509"/>
   <tile gid="3510"/>
   <tile gid="3511"/>
   <tile gid="4914"/>
   <tile gid="4915"/>
   <tile gid="4916"/>
   <tile gid="4917"/>
   <tile gid="4908"/>
   <tile gid="4909"/>
   <tile gid="4910"/>
   <tile gid="4911"/>
   <tile gid="5042"/>
   <tile gid="5043"/>
   <tile gid="5044"/>
   <tile gid="5045"/>
   <tile gid="5036"/>
   <tile gid="5037"/>
   <tile gid="5038"/>
   <tile gid="5039"/>
   <tile gid="3628"/>
   <tile gid="3629"/>
   <tile gid="3630"/>
   <tile gid="3631"/>
   <tile gid="3632"/>
   <tile gid="3633"/>
   <tile gid="3634"/>
   <tile gid="3635"/>
   <tile gid="3636"/>
   <tile gid="3637"/>
   <tile gid="3638"/>
   <tile gid="3639"/>
   <tile gid="5042"/>
   <tile gid="5043"/>
   <tile gid="5044"/>
   <tile gid="5045"/>
   <tile gid="5036"/>
   <tile gid="5037"/>
   <tile gid="5038"/>
   <tile gid="5039"/>
   <tile gid="4917"/>
   <tile gid="4909"/>
   <tile gid="4910"/>
   <tile gid="4911"/>
   <tile gid="4914"/>
   <tile gid="4915"/>
   <tile gid="4916"/>
   <tile gid="4917"/>
   <tile gid="3756"/>
   <tile gid="3757"/>
   <tile gid="3758"/>
   <tile gid="3759"/>
   <tile gid="3760"/>
   <tile gid="3761"/>
   <tile gid="3762"/>
   <tile gid="3763"/>
   <tile gid="3764"/>
   <tile gid="3765"/>
   <tile gid="3766"/>
   <tile gid="3767"/>
   <tile gid="4908"/>
   <tile gid="4909"/>
   <tile gid="4910"/>
   <tile gid="4911"/>
   <tile gid="4914"/>
   <tile gid="4915"/>
   <tile gid="4916"/>
   <tile gid="4917"/>
   <tile gid="5170"/>
   <tile gid="5171"/>
   <tile gid="5172"/>
   <tile gid="5173"/>
   <tile gid="5164"/>
   <tile gid="5165"/>
   <tile gid="5166"/>
   <tile gid="5167"/>
   <tile gid="3884"/>
   <tile gid="3885"/>
   <tile gid="3886"/>
   <tile gid="3887"/>
   <tile gid="3888"/>
   <tile gid="3889"/>
   <tile gid="3890"/>
   <tile gid="3891"/>
   <tile gid="3892"/>
   <tile gid="3893"/>
   <tile gid="3894"/>
   <tile gid="3895"/>
   <tile gid="5170"/>
   <tile gid="5171"/>
   <tile gid="5172"/>
   <tile gid="5173"/>
   <tile gid="5164"/>
   <tile gid="5165"/>
   <tile gid="5166"/>
   <tile gid="5167"/>
   <tile gid="5298"/>
   <tile gid="5299"/>
   <tile gid="5300"/>
   <tile gid="5301"/>
   <tile gid="5292"/>
   <tile gid="5293"/>
   <tile gid="5294"/>
   <tile gid="5295"/>
   <tile gid="3884"/>
   <tile gid="3885"/>
   <tile gid="3886"/>
   <tile gid="3887"/>
   <tile gid="3888"/>
   <tile gid="3889"/>
   <tile gid="3890"/>
   <tile gid="3891"/>
   <tile gid="3892"/>
   <tile gid="3893"/>
   <tile gid="3894"/>
   <tile gid="3895"/>
   <tile gid="5298"/>
   <tile gid="5299"/>
   <tile gid="5300"/>
   <tile gid="5301"/>
   <tile gid="5292"/>
   <tile gid="5293"/>
   <tile gid="5294"/>
   <tile gid="5295"/>
   <tile gid="5298"/>
   <tile gid="5299"/>
   <tile gid="5300"/>
   <tile gid="5301"/>
   <tile gid="5292"/>
   <tile gid="5293"/>
   <tile gid="5294"/>
   <tile gid="5295"/>
   <tile gid="2476"/>
   <tile gid="2477"/>
   <tile gid="2478"/>
   <tile gid="2479"/>
   <tile gid="2480"/>
   <tile gid="2481"/>
   <tile gid="2482"/>
   <tile gid="2483"/>
   <tile gid="2484"/>
   <tile gid="2485"/>
   <tile gid="2486"/>
   <tile gid="2487"/>
   <tile gid="5298"/>
   <tile gid="5299"/>
   <tile gid="5300"/>
   <tile gid="5301"/>
   <tile gid="5292"/>
   <tile gid="5293"/>
   <tile gid="5294"/>
   <tile gid="5295"/>
   <tile gid="5426"/>
   <tile gid="5427"/>
   <tile gid="5428"/>
   <tile gid="5429"/>
   <tile gid="5420"/>
   <tile gid="5421"/>
   <tile gid="5422"/>
   <tile gid="5423"/>
   <tile gid="2604"/>
   <tile gid="2605"/>
   <tile gid="2606"/>
   <tile gid="2607"/>
   <tile gid="2608"/>
   <tile gid="2609"/>
   <tile gid="2610"/>
   <tile gid="2611"/>
   <tile gid="2612"/>
   <tile gid="2613"/>
   <tile gid="2614"/>
   <tile gid="2615"/>
   <tile gid="5426"/>
   <tile gid="5427"/>
   <tile gid="5428"/>
   <tile gid="5429"/>
   <tile gid="5420"/>
   <tile gid="5421"/>
   <tile gid="5422"/>
   <tile gid="5423"/>
   <tile gid="4909"/>
   <tile gid="4910"/>
   <tile gid="4911"/>
   <tile gid="4912"/>
   <tile gid="4913"/>
   <tile gid="4914"/>
   <tile gid="4915"/>
   <tile gid="4916"/>
   <tile gid="4917"/>
   <tile gid="4908"/>
   <tile gid="4909"/>
   <tile gid="4910"/>
   <tile gid="4911"/>
   <tile gid="4912"/>
   <tile gid="4913"/>
   <tile gid="4914"/>
   <tile gid="4915"/>
   <tile gid="4916"/>
   <tile gid="4917"/>
   <tile gid="4908"/>
   <tile gid="4909"/>
   <tile gid="4910"/>
   <tile gid="4911"/>
   <tile gid="4912"/>
   <tile gid="4913"/>
   <tile gid="4914"/>
   <tile gid="4915"/>
   <tile gid="4916"/>
   <tile gid="5037"/>
   <tile gid="5038"/>
   <tile gid="5039"/>
   <tile gid="5040"/>
   <tile gid="5041"/>
   <tile gid="5042"/>
   <tile gid="5043"/>
   <tile gid="5044"/>
   <tile gid="5045"/>
   <tile gid="5036"/>
   <tile gid="5037"/>
   <tile gid="5038"/>
   <tile gid="5039"/>
   <tile gid="5040"/>
   <tile gid="5041"/>
   <tile gid="5042"/>
   <tile gid="5043"/>
   <tile gid="5044"/>
   <tile gid="5045"/>
   <tile gid="5036"/>
   <tile gid="5037"/>
   <tile gid="5038"/>
   <tile gid="5039"/>
   <tile gid="5040"/>
   <tile gid="5041"/>
   <tile gid="5042"/>
   <tile gid="5043"/>
   <tile gid="5044"/>
   <tile gid="5165"/>
   <tile gid="5166"/>
   <tile gid="5167"/>
   <tile gid="5168"/>
   <tile gid="5169"/>
   <tile gid="5170"/>
   <tile gid="5171"/>
   <tile gid="5172"/>
   <tile gid="5173"/>
   <tile gid="5164"/>
   <tile gid="5165"/>
   <tile gid="5166"/>
   <tile gid="5167"/>
   <tile gid="5168"/>
   <tile gid="5169"/>
   <tile gid="5170"/>
   <tile gid="5171"/>
   <tile gid="5172"/>
   <tile gid="5173"/>
   <tile gid="5164"/>
   <tile gid="5165"/>
   <tile gid="5166"/>
   <tile gid="5167"/>
   <tile gid="5168"/>
   <tile gid="5169"/>
   <tile gid="5170"/>
   <tile gid="5171"/>
   <tile gid="5172"/>
   <tile gid="5293"/>
   <tile gid="5294"/>
   <tile gid="5295"/>
   <tile gid="5296"/>
   <tile gid="5297"/>
   <tile gid="5298"/>
   <tile gid="5299"/>
   <tile gid="5300"/>
   <tile gid="5301"/>
   <tile gid="5292"/>
   <tile gid="5293"/>
   <tile gid="5294"/>
   <tile gid="5295"/>
   <tile gid="5296"/>
   <tile gid="5297"/>
   <tile gid="5298"/>
   <tile gid="5299"/>
   <tile gid="5300"/>
   <tile gid="5301"/>
   <tile gid="5292"/>
   <tile gid="5293"/>
   <tile gid="5294"/>
   <tile gid="5295"/>
   <tile gid="5296"/>
   <tile gid="5297"/>
   <tile gid="5298"/>
   <tile gid="5299"/>
   <tile gid="5300"/>
  </data>
 </layer>
</map>
