<?xml version="1.0" encoding="UTF-8"?>
<map version="1.2" tiledversion="1.3.1" orientation="orthogonal" renderorder="right-down" compressionlevel="0" width="16" height="38" tilewidth="8" tileheight="8" infinite="0" nextlayerid="2" nextobjectid="1">
 <editorsettings>
  <export format="tmx"/>
 </editorsettings>
 <tileset firstgid="1" source="../Tiles.tsx"/>
 <layer id="1" name="Tile Layer 1" width="16" height="38" opacity="0.98">
  <data>
   <tile gid="2764"/>
   <tile gid="2765"/>
   <tile gid="2766"/>
   <tile gid="2767"/>
   <tile gid="2768"/>
   <tile gid="2769"/>
   <tile gid="2770"/>
   <tile gid="2771"/>
   <tile gid="2772"/>
   <tile gid="2773"/>
   <tile gid="2774"/>
   <tile gid="2775"/>
   <tile gid="2776"/>
   <tile gid="2777"/>
   <tile gid="2778"/>
   <tile gid="2779"/>
   <tile gid="2892"/>
   <tile gid="2893"/>
   <tile gid="2894"/>
   <tile gid="2895"/>
   <tile gid="2896"/>
   <tile gid="2897"/>
   <tile gid="2898"/>
   <tile gid="2899"/>
   <tile gid="2900"/>
   <tile gid="2901"/>
   <tile gid="2902"/>
   <tile gid="2903"/>
   <tile gid="2904"/>
   <tile gid="2905"/>
   <tile gid="2906"/>
   <tile gid="2907"/>
   <tile gid="3020"/>
   <tile gid="3021"/>
   <tile gid="3022"/>
   <tile gid="3023"/>
   <tile gid="3024"/>
   <tile gid="3025"/>
   <tile gid="3026"/>
   <tile gid="3027"/>
   <tile gid="3028"/>
   <tile gid="3029"/>
   <tile gid="3030"/>
   <tile gid="3031"/>
   <tile gid="3032"/>
   <tile gid="3033"/>
   <tile gid="3034"/>
   <tile gid="3035"/>
   <tile gid="3148"/>
   <tile gid="3149"/>
   <tile gid="3150"/>
   <tile gid="3151"/>
   <tile gid="3152"/>
   <tile gid="3153"/>
   <tile gid="3154"/>
   <tile gid="3155"/>
   <tile gid="3156"/>
   <tile gid="3157"/>
   <tile gid="3158"/>
   <tile gid="3159"/>
   <tile gid="3160"/>
   <tile gid="3161"/>
   <tile gid="3162"/>
   <tile gid="3163"/>
   <tile gid="3276"/>
   <tile gid="3277"/>
   <tile gid="3278"/>
   <tile gid="3279"/>
   <tile gid="3280"/>
   <tile gid="3281"/>
   <tile gid="3282"/>
   <tile gid="3283"/>
   <tile gid="3284"/>
   <tile gid="3285"/>
   <tile gid="3286"/>
   <tile gid="3287"/>
   <tile gid="3288"/>
   <tile gid="3289"/>
   <tile gid="3290"/>
   <tile gid="3291"/>
   <tile gid="3404"/>
   <tile gid="3405"/>
   <tile gid="3406"/>
   <tile gid="3407"/>
   <tile gid="3408"/>
   <tile gid="3409"/>
   <tile gid="3410"/>
   <tile gid="3411"/>
   <tile gid="3412"/>
   <tile gid="3413"/>
   <tile gid="3414"/>
   <tile gid="3415"/>
   <tile gid="3416"/>
   <tile gid="3417"/>
   <tile gid="3418"/>
   <tile gid="3419"/>
   <tile gid="3532"/>
   <tile gid="3533"/>
   <tile gid="3534"/>
   <tile gid="3535"/>
   <tile gid="3536"/>
   <tile gid="3537"/>
   <tile gid="3538"/>
   <tile gid="3539"/>
   <tile gid="3540"/>
   <tile gid="3541"/>
   <tile gid="3542"/>
   <tile gid="3543"/>
   <tile gid="3544"/>
   <tile gid="3545"/>
   <tile gid="3546"/>
   <tile gid="3547"/>
   <tile gid="3660"/>
   <tile gid="3661"/>
   <tile gid="3662"/>
   <tile gid="3663"/>
   <tile gid="3664"/>
   <tile gid="3665"/>
   <tile gid="3666"/>
   <tile gid="3667"/>
   <tile gid="3668"/>
   <tile gid="3669"/>
   <tile gid="3670"/>
   <tile gid="3671"/>
   <tile gid="3672"/>
   <tile gid="3673"/>
   <tile gid="3674"/>
   <tile gid="3675"/>
   <tile gid="3788"/>
   <tile gid="3789"/>
   <tile gid="3790"/>
   <tile gid="3791"/>
   <tile gid="3792"/>
   <tile gid="3793"/>
   <tile gid="3794"/>
   <tile gid="3795"/>
   <tile gid="3796"/>
   <tile gid="3797"/>
   <tile gid="3798"/>
   <tile gid="3799"/>
   <tile gid="3800"/>
   <tile gid="3801"/>
   <tile gid="3802"/>
   <tile gid="3803"/>
   <tile gid="3916"/>
   <tile gid="3917"/>
   <tile gid="3918"/>
   <tile gid="3919"/>
   <tile gid="3920"/>
   <tile gid="3921"/>
   <tile gid="3922"/>
   <tile gid="3923"/>
   <tile gid="3924"/>
   <tile gid="3925"/>
   <tile gid="3926"/>
   <tile gid="3927"/>
   <tile gid="3928"/>
   <tile gid="3929"/>
   <tile gid="3930"/>
   <tile gid="3931"/>
   <tile gid="4044"/>
   <tile gid="4045"/>
   <tile gid="4046"/>
   <tile gid="4047"/>
   <tile gid="4048"/>
   <tile gid="4049"/>
   <tile gid="4050"/>
   <tile gid="4051"/>
   <tile gid="4052"/>
   <tile gid="4053"/>
   <tile gid="4054"/>
   <tile gid="4055"/>
   <tile gid="4056"/>
   <tile gid="4057"/>
   <tile gid="4058"/>
   <tile gid="4059"/>
   <tile gid="4172"/>
   <tile gid="4173"/>
   <tile gid="4174"/>
   <tile gid="4175"/>
   <tile gid="4176"/>
   <tile gid="4177"/>
   <tile gid="4178"/>
   <tile gid="4179"/>
   <tile gid="4180"/>
   <tile gid="4181"/>
   <tile gid="4182"/>
   <tile gid="4183"/>
   <tile gid="4184"/>
   <tile gid="4185"/>
   <tile gid="4186"/>
   <tile gid="4187"/>
   <tile gid="4300"/>
   <tile gid="4301"/>
   <tile gid="4302"/>
   <tile gid="4303"/>
   <tile gid="4304"/>
   <tile gid="4305"/>
   <tile gid="4306"/>
   <tile gid="4307"/>
   <tile gid="4308"/>
   <tile gid="4309"/>
   <tile gid="4310"/>
   <tile gid="4311"/>
   <tile gid="4312"/>
   <tile gid="4313"/>
   <tile gid="4314"/>
   <tile gid="4315"/>
   <tile gid="4428"/>
   <tile gid="4429"/>
   <tile gid="4430"/>
   <tile gid="4431"/>
   <tile gid="4432"/>
   <tile gid="4433"/>
   <tile gid="4434"/>
   <tile gid="4435"/>
   <tile gid="4436"/>
   <tile gid="4437"/>
   <tile gid="4438"/>
   <tile gid="4439"/>
   <tile gid="4440"/>
   <tile gid="4441"/>
   <tile gid="4442"/>
   <tile gid="4443"/>
   <tile gid="4556"/>
   <tile gid="4557"/>
   <tile gid="4558"/>
   <tile gid="4559"/>
   <tile gid="4560"/>
   <tile gid="4561"/>
   <tile gid="4562"/>
   <tile gid="4563"/>
   <tile gid="4564"/>
   <tile gid="4565"/>
   <tile gid="4566"/>
   <tile gid="4567"/>
   <tile gid="4568"/>
   <tile gid="4569"/>
   <tile gid="4570"/>
   <tile gid="4571"/>
   <tile gid="4684"/>
   <tile gid="4685"/>
   <tile gid="4686"/>
   <tile gid="4687"/>
   <tile gid="4688"/>
   <tile gid="4689"/>
   <tile gid="4690"/>
   <tile gid="4691"/>
   <tile gid="4692"/>
   <tile gid="4693"/>
   <tile gid="4694"/>
   <tile gid="4695"/>
   <tile gid="4696"/>
   <tile gid="4697"/>
   <tile gid="4698"/>
   <tile gid="4699"/>
   <tile gid="4812"/>
   <tile gid="4813"/>
   <tile gid="4814"/>
   <tile gid="4815"/>
   <tile gid="4816"/>
   <tile gid="4817"/>
   <tile gid="4818"/>
   <tile gid="4819"/>
   <tile gid="4820"/>
   <tile gid="4821"/>
   <tile gid="4822"/>
   <tile gid="4823"/>
   <tile gid="4824"/>
   <tile gid="4825"/>
   <tile gid="4826"/>
   <tile gid="4827"/>
   <tile gid="4940"/>
   <tile gid="4941"/>
   <tile gid="4942"/>
   <tile gid="4943"/>
   <tile gid="4944"/>
   <tile gid="4945"/>
   <tile gid="4946"/>
   <tile gid="4947"/>
   <tile gid="4948"/>
   <tile gid="4949"/>
   <tile gid="4950"/>
   <tile gid="4951"/>
   <tile gid="4952"/>
   <tile gid="4953"/>
   <tile gid="4954"/>
   <tile gid="4955"/>
   <tile gid="5068"/>
   <tile gid="5069"/>
   <tile gid="5070"/>
   <tile gid="5071"/>
   <tile gid="5072"/>
   <tile gid="5073"/>
   <tile gid="5074"/>
   <tile gid="5075"/>
   <tile gid="5076"/>
   <tile gid="5077"/>
   <tile gid="5078"/>
   <tile gid="5079"/>
   <tile gid="5080"/>
   <tile gid="5081"/>
   <tile gid="5082"/>
   <tile gid="5083"/>
   <tile gid="2764"/>
   <tile gid="2765"/>
   <tile gid="2766"/>
   <tile gid="2767"/>
   <tile gid="2768"/>
   <tile gid="2769"/>
   <tile gid="2770"/>
   <tile gid="2771"/>
   <tile gid="2772"/>
   <tile gid="2773"/>
   <tile gid="2774"/>
   <tile gid="2775"/>
   <tile gid="2776"/>
   <tile gid="2777"/>
   <tile gid="2778"/>
   <tile gid="2779"/>
   <tile gid="2892"/>
   <tile gid="2893"/>
   <tile gid="2894"/>
   <tile gid="2895"/>
   <tile gid="2896"/>
   <tile gid="2897"/>
   <tile gid="2898"/>
   <tile gid="2899"/>
   <tile gid="2900"/>
   <tile gid="2901"/>
   <tile gid="2902"/>
   <tile gid="2903"/>
   <tile gid="2904"/>
   <tile gid="2905"/>
   <tile gid="2906"/>
   <tile gid="2907"/>
   <tile gid="3020"/>
   <tile gid="3021"/>
   <tile gid="3022"/>
   <tile gid="3023"/>
   <tile gid="3024"/>
   <tile gid="3025"/>
   <tile gid="3026"/>
   <tile gid="3027"/>
   <tile gid="3028"/>
   <tile gid="3029"/>
   <tile gid="3030"/>
   <tile gid="3031"/>
   <tile gid="3032"/>
   <tile gid="3033"/>
   <tile gid="3034"/>
   <tile gid="3035"/>
   <tile gid="3148"/>
   <tile gid="3149"/>
   <tile gid="3150"/>
   <tile gid="3151"/>
   <tile gid="3152"/>
   <tile gid="3153"/>
   <tile gid="3154"/>
   <tile gid="3155"/>
   <tile gid="3156"/>
   <tile gid="3157"/>
   <tile gid="3158"/>
   <tile gid="3159"/>
   <tile gid="3160"/>
   <tile gid="3161"/>
   <tile gid="3162"/>
   <tile gid="3163"/>
   <tile gid="3276"/>
   <tile gid="3277"/>
   <tile gid="3278"/>
   <tile gid="3279"/>
   <tile gid="3280"/>
   <tile gid="3281"/>
   <tile gid="3282"/>
   <tile gid="3283"/>
   <tile gid="3284"/>
   <tile gid="3285"/>
   <tile gid="3286"/>
   <tile gid="3287"/>
   <tile gid="3288"/>
   <tile gid="3289"/>
   <tile gid="3290"/>
   <tile gid="3291"/>
   <tile gid="3404"/>
   <tile gid="3405"/>
   <tile gid="3406"/>
   <tile gid="3407"/>
   <tile gid="3408"/>
   <tile gid="3409"/>
   <tile gid="3410"/>
   <tile gid="3411"/>
   <tile gid="3412"/>
   <tile gid="3413"/>
   <tile gid="3414"/>
   <tile gid="3415"/>
   <tile gid="3416"/>
   <tile gid="3417"/>
   <tile gid="3418"/>
   <tile gid="3419"/>
   <tile gid="3532"/>
   <tile gid="3533"/>
   <tile gid="3534"/>
   <tile gid="3535"/>
   <tile gid="3536"/>
   <tile gid="3537"/>
   <tile gid="3538"/>
   <tile gid="3539"/>
   <tile gid="3540"/>
   <tile gid="3541"/>
   <tile gid="3542"/>
   <tile gid="3543"/>
   <tile gid="3544"/>
   <tile gid="3545"/>
   <tile gid="3546"/>
   <tile gid="3547"/>
   <tile gid="3660"/>
   <tile gid="3661"/>
   <tile gid="3662"/>
   <tile gid="3663"/>
   <tile gid="3664"/>
   <tile gid="3665"/>
   <tile gid="3666"/>
   <tile gid="3667"/>
   <tile gid="3668"/>
   <tile gid="3669"/>
   <tile gid="3670"/>
   <tile gid="3671"/>
   <tile gid="3672"/>
   <tile gid="3673"/>
   <tile gid="3674"/>
   <tile gid="3675"/>
   <tile gid="3788"/>
   <tile gid="3789"/>
   <tile gid="3790"/>
   <tile gid="3791"/>
   <tile gid="3792"/>
   <tile gid="3793"/>
   <tile gid="3794"/>
   <tile gid="3795"/>
   <tile gid="3796"/>
   <tile gid="3797"/>
   <tile gid="3798"/>
   <tile gid="3799"/>
   <tile gid="3800"/>
   <tile gid="3801"/>
   <tile gid="3802"/>
   <tile gid="3803"/>
   <tile gid="3916"/>
   <tile gid="3917"/>
   <tile gid="3918"/>
   <tile gid="3919"/>
   <tile gid="3920"/>
   <tile gid="3921"/>
   <tile gid="3922"/>
   <tile gid="3923"/>
   <tile gid="3924"/>
   <tile gid="3925"/>
   <tile gid="3926"/>
   <tile gid="3927"/>
   <tile gid="3928"/>
   <tile gid="3929"/>
   <tile gid="3930"/>
   <tile gid="3931"/>
   <tile gid="4044"/>
   <tile gid="4045"/>
   <tile gid="4046"/>
   <tile gid="4047"/>
   <tile gid="4048"/>
   <tile gid="4049"/>
   <tile gid="4050"/>
   <tile gid="4051"/>
   <tile gid="4052"/>
   <tile gid="4053"/>
   <tile gid="4054"/>
   <tile gid="4055"/>
   <tile gid="4056"/>
   <tile gid="4057"/>
   <tile gid="4058"/>
   <tile gid="4059"/>
   <tile gid="4172"/>
   <tile gid="4173"/>
   <tile gid="4174"/>
   <tile gid="4175"/>
   <tile gid="4176"/>
   <tile gid="4177"/>
   <tile gid="4178"/>
   <tile gid="4179"/>
   <tile gid="4180"/>
   <tile gid="4181"/>
   <tile gid="4182"/>
   <tile gid="4183"/>
   <tile gid="4184"/>
   <tile gid="4185"/>
   <tile gid="4186"/>
   <tile gid="4187"/>
   <tile gid="4300"/>
   <tile gid="4301"/>
   <tile gid="4302"/>
   <tile gid="4303"/>
   <tile gid="4304"/>
   <tile gid="4305"/>
   <tile gid="4306"/>
   <tile gid="4307"/>
   <tile gid="4308"/>
   <tile gid="4309"/>
   <tile gid="4310"/>
   <tile gid="4311"/>
   <tile gid="4312"/>
   <tile gid="4313"/>
   <tile gid="4314"/>
   <tile gid="4315"/>
   <tile gid="4428"/>
   <tile gid="4429"/>
   <tile gid="4430"/>
   <tile gid="4431"/>
   <tile gid="4432"/>
   <tile gid="4433"/>
   <tile gid="4434"/>
   <tile gid="4435"/>
   <tile gid="4436"/>
   <tile gid="4437"/>
   <tile gid="4438"/>
   <tile gid="4439"/>
   <tile gid="4440"/>
   <tile gid="4441"/>
   <tile gid="4442"/>
   <tile gid="4443"/>
   <tile gid="4556"/>
   <tile gid="4557"/>
   <tile gid="4558"/>
   <tile gid="4559"/>
   <tile gid="4560"/>
   <tile gid="4561"/>
   <tile gid="4562"/>
   <tile gid="4563"/>
   <tile gid="4564"/>
   <tile gid="4565"/>
   <tile gid="4566"/>
   <tile gid="4567"/>
   <tile gid="4568"/>
   <tile gid="4569"/>
   <tile gid="4570"/>
   <tile gid="4571"/>
   <tile gid="4684"/>
   <tile gid="4685"/>
   <tile gid="4686"/>
   <tile gid="4687"/>
   <tile gid="4688"/>
   <tile gid="4689"/>
   <tile gid="4690"/>
   <tile gid="4691"/>
   <tile gid="4692"/>
   <tile gid="4693"/>
   <tile gid="4694"/>
   <tile gid="4695"/>
   <tile gid="4696"/>
   <tile gid="4697"/>
   <tile gid="4698"/>
   <tile gid="4699"/>
   <tile gid="4812"/>
   <tile gid="4813"/>
   <tile gid="4814"/>
   <tile gid="4815"/>
   <tile gid="4816"/>
   <tile gid="4817"/>
   <tile gid="4818"/>
   <tile gid="4819"/>
   <tile gid="4820"/>
   <tile gid="4821"/>
   <tile gid="4822"/>
   <tile gid="4823"/>
   <tile gid="4824"/>
   <tile gid="4825"/>
   <tile gid="4826"/>
   <tile gid="4827"/>
   <tile gid="4940"/>
   <tile gid="4941"/>
   <tile gid="4942"/>
   <tile gid="4943"/>
   <tile gid="4944"/>
   <tile gid="4945"/>
   <tile gid="4946"/>
   <tile gid="4947"/>
   <tile gid="4948"/>
   <tile gid="4949"/>
   <tile gid="4950"/>
   <tile gid="4951"/>
   <tile gid="4952"/>
   <tile gid="4953"/>
   <tile gid="4954"/>
   <tile gid="4955"/>
   <tile gid="5068"/>
   <tile gid="5069"/>
   <tile gid="5070"/>
   <tile gid="5071"/>
   <tile gid="5072"/>
   <tile gid="5073"/>
   <tile gid="5074"/>
   <tile gid="5075"/>
   <tile gid="5076"/>
   <tile gid="5077"/>
   <tile gid="5078"/>
   <tile gid="5079"/>
   <tile gid="5080"/>
   <tile gid="5081"/>
   <tile gid="5082"/>
   <tile gid="5083"/>
  </data>
 </layer>
</map>
