<?xml version="1.0" encoding="UTF-8"?>
<map version="1.2" tiledversion="1.3.1" orientation="orthogonal" renderorder="right-down" compressionlevel="0" width="8" height="38" tilewidth="8" tileheight="8" infinite="0" nextlayerid="2" nextobjectid="1">
 <editorsettings>
  <export format="tmx"/>
 </editorsettings>
 <tileset firstgid="1" source="../Tiles.tsx"/>
 <layer id="1" name="Tile Layer 1" width="8" height="38" opacity="0.98">
  <data>
   <tile gid="2764"/>
   <tile gid="2765"/>
   <tile gid="2766"/>
   <tile gid="2767"/>
   <tile gid="2768"/>
   <tile gid="2769"/>
   <tile gid="2770"/>
   <tile gid="2771"/>
   <tile gid="2892"/>
   <tile gid="2893"/>
   <tile gid="2894"/>
   <tile gid="2895"/>
   <tile gid="2896"/>
   <tile gid="2897"/>
   <tile gid="2898"/>
   <tile gid="2899"/>
   <tile gid="3020"/>
   <tile gid="3021"/>
   <tile gid="3022"/>
   <tile gid="3023"/>
   <tile gid="3024"/>
   <tile gid="3025"/>
   <tile gid="3026"/>
   <tile gid="3027"/>
   <tile gid="3148"/>
   <tile gid="3149"/>
   <tile gid="3150"/>
   <tile gid="3151"/>
   <tile gid="3152"/>
   <tile gid="3153"/>
   <tile gid="3154"/>
   <tile gid="3155"/>
   <tile gid="3276"/>
   <tile gid="3277"/>
   <tile gid="3278"/>
   <tile gid="3279"/>
   <tile gid="3280"/>
   <tile gid="3281"/>
   <tile gid="3282"/>
   <tile gid="3283"/>
   <tile gid="3404"/>
   <tile gid="3405"/>
   <tile gid="3406"/>
   <tile gid="3407"/>
   <tile gid="3408"/>
   <tile gid="3409"/>
   <tile gid="3410"/>
   <tile gid="3411"/>
   <tile gid="3532"/>
   <tile gid="3533"/>
   <tile gid="3534"/>
   <tile gid="3535"/>
   <tile gid="3536"/>
   <tile gid="3537"/>
   <tile gid="3538"/>
   <tile gid="3539"/>
   <tile gid="3660"/>
   <tile gid="3661"/>
   <tile gid="3662"/>
   <tile gid="3663"/>
   <tile gid="3664"/>
   <tile gid="3665"/>
   <tile gid="3666"/>
   <tile gid="3667"/>
   <tile gid="3788"/>
   <tile gid="3789"/>
   <tile gid="3790"/>
   <tile gid="3791"/>
   <tile gid="3792"/>
   <tile gid="3793"/>
   <tile gid="3794"/>
   <tile gid="3795"/>
   <tile gid="3916"/>
   <tile gid="3917"/>
   <tile gid="3918"/>
   <tile gid="3919"/>
   <tile gid="3920"/>
   <tile gid="3921"/>
   <tile gid="3922"/>
   <tile gid="3923"/>
   <tile gid="4044"/>
   <tile gid="4045"/>
   <tile gid="4046"/>
   <tile gid="4047"/>
   <tile gid="4048"/>
   <tile gid="4049"/>
   <tile gid="4050"/>
   <tile gid="4051"/>
   <tile gid="4172"/>
   <tile gid="4173"/>
   <tile gid="4174"/>
   <tile gid="4175"/>
   <tile gid="4176"/>
   <tile gid="4177"/>
   <tile gid="4178"/>
   <tile gid="4179"/>
   <tile gid="4300"/>
   <tile gid="4301"/>
   <tile gid="4302"/>
   <tile gid="4303"/>
   <tile gid="4304"/>
   <tile gid="4305"/>
   <tile gid="4306"/>
   <tile gid="4307"/>
   <tile gid="4428"/>
   <tile gid="4429"/>
   <tile gid="4430"/>
   <tile gid="4431"/>
   <tile gid="4432"/>
   <tile gid="4433"/>
   <tile gid="4434"/>
   <tile gid="4435"/>
   <tile gid="4556"/>
   <tile gid="4557"/>
   <tile gid="4558"/>
   <tile gid="4559"/>
   <tile gid="4560"/>
   <tile gid="4561"/>
   <tile gid="4562"/>
   <tile gid="4563"/>
   <tile gid="4684"/>
   <tile gid="4685"/>
   <tile gid="4686"/>
   <tile gid="4687"/>
   <tile gid="4688"/>
   <tile gid="4689"/>
   <tile gid="4690"/>
   <tile gid="4691"/>
   <tile gid="4812"/>
   <tile gid="4813"/>
   <tile gid="4814"/>
   <tile gid="4815"/>
   <tile gid="4816"/>
   <tile gid="4817"/>
   <tile gid="4818"/>
   <tile gid="4819"/>
   <tile gid="4940"/>
   <tile gid="4941"/>
   <tile gid="4942"/>
   <tile gid="4943"/>
   <tile gid="4944"/>
   <tile gid="4945"/>
   <tile gid="4946"/>
   <tile gid="4947"/>
   <tile gid="5068"/>
   <tile gid="5069"/>
   <tile gid="5070"/>
   <tile gid="5071"/>
   <tile gid="5072"/>
   <tile gid="5073"/>
   <tile gid="5074"/>
   <tile gid="5075"/>
   <tile gid="2764"/>
   <tile gid="2765"/>
   <tile gid="2766"/>
   <tile gid="2767"/>
   <tile gid="2768"/>
   <tile gid="2769"/>
   <tile gid="2770"/>
   <tile gid="2771"/>
   <tile gid="2892"/>
   <tile gid="2893"/>
   <tile gid="2894"/>
   <tile gid="2895"/>
   <tile gid="2896"/>
   <tile gid="2897"/>
   <tile gid="2898"/>
   <tile gid="2899"/>
   <tile gid="3020"/>
   <tile gid="3021"/>
   <tile gid="3022"/>
   <tile gid="3023"/>
   <tile gid="3024"/>
   <tile gid="3025"/>
   <tile gid="3026"/>
   <tile gid="3027"/>
   <tile gid="3148"/>
   <tile gid="3149"/>
   <tile gid="3150"/>
   <tile gid="3151"/>
   <tile gid="3152"/>
   <tile gid="3153"/>
   <tile gid="3154"/>
   <tile gid="3155"/>
   <tile gid="3276"/>
   <tile gid="3277"/>
   <tile gid="3278"/>
   <tile gid="3279"/>
   <tile gid="3280"/>
   <tile gid="3281"/>
   <tile gid="3282"/>
   <tile gid="3283"/>
   <tile gid="3404"/>
   <tile gid="3405"/>
   <tile gid="3406"/>
   <tile gid="3407"/>
   <tile gid="3408"/>
   <tile gid="3409"/>
   <tile gid="3410"/>
   <tile gid="3411"/>
   <tile gid="3532"/>
   <tile gid="3533"/>
   <tile gid="3534"/>
   <tile gid="3535"/>
   <tile gid="3536"/>
   <tile gid="3537"/>
   <tile gid="3538"/>
   <tile gid="3539"/>
   <tile gid="3660"/>
   <tile gid="3661"/>
   <tile gid="3662"/>
   <tile gid="3663"/>
   <tile gid="3664"/>
   <tile gid="3665"/>
   <tile gid="3666"/>
   <tile gid="3667"/>
   <tile gid="3788"/>
   <tile gid="3789"/>
   <tile gid="3790"/>
   <tile gid="3791"/>
   <tile gid="3792"/>
   <tile gid="3793"/>
   <tile gid="3794"/>
   <tile gid="3795"/>
   <tile gid="3916"/>
   <tile gid="3917"/>
   <tile gid="3918"/>
   <tile gid="3919"/>
   <tile gid="3920"/>
   <tile gid="3921"/>
   <tile gid="3922"/>
   <tile gid="3923"/>
   <tile gid="4044"/>
   <tile gid="4045"/>
   <tile gid="4046"/>
   <tile gid="4047"/>
   <tile gid="4048"/>
   <tile gid="4049"/>
   <tile gid="4050"/>
   <tile gid="4051"/>
   <tile gid="4172"/>
   <tile gid="4173"/>
   <tile gid="4174"/>
   <tile gid="4175"/>
   <tile gid="4176"/>
   <tile gid="4177"/>
   <tile gid="4178"/>
   <tile gid="4179"/>
   <tile gid="4300"/>
   <tile gid="4301"/>
   <tile gid="4302"/>
   <tile gid="4303"/>
   <tile gid="4304"/>
   <tile gid="4305"/>
   <tile gid="4306"/>
   <tile gid="4307"/>
   <tile gid="4428"/>
   <tile gid="4429"/>
   <tile gid="4430"/>
   <tile gid="4431"/>
   <tile gid="4432"/>
   <tile gid="4433"/>
   <tile gid="4434"/>
   <tile gid="4435"/>
   <tile gid="4556"/>
   <tile gid="4557"/>
   <tile gid="4558"/>
   <tile gid="4559"/>
   <tile gid="4560"/>
   <tile gid="4561"/>
   <tile gid="4562"/>
   <tile gid="4563"/>
   <tile gid="4684"/>
   <tile gid="4685"/>
   <tile gid="4686"/>
   <tile gid="4687"/>
   <tile gid="4688"/>
   <tile gid="4689"/>
   <tile gid="4690"/>
   <tile gid="4691"/>
   <tile gid="4812"/>
   <tile gid="4813"/>
   <tile gid="4814"/>
   <tile gid="4815"/>
   <tile gid="4816"/>
   <tile gid="4817"/>
   <tile gid="4818"/>
   <tile gid="4819"/>
   <tile gid="4940"/>
   <tile gid="4941"/>
   <tile gid="4942"/>
   <tile gid="4943"/>
   <tile gid="4944"/>
   <tile gid="4945"/>
   <tile gid="4946"/>
   <tile gid="4947"/>
   <tile gid="5068"/>
   <tile gid="5069"/>
   <tile gid="5070"/>
   <tile gid="5071"/>
   <tile gid="5072"/>
   <tile gid="5073"/>
   <tile gid="5074"/>
   <tile gid="5075"/>
  </data>
 </layer>
</map>
