<?xml version="1.0" encoding="UTF-8"?>
<map version="1.2" tiledversion="1.3.1" orientation="orthogonal" renderorder="right-down" compressionlevel="0" width="8" height="38" tilewidth="8" tileheight="8" infinite="0" nextlayerid="2" nextobjectid="1">
 <editorsettings>
  <export format="tmx"/>
 </editorsettings>
 <tileset firstgid="1" source="../Tiles.tsx"/>
 <layer id="1" name="Tile Layer 1" width="8" height="38" opacity="0.98">
  <data>
   <tile gid="2772"/>
   <tile gid="2773"/>
   <tile gid="2774"/>
   <tile gid="2775"/>
   <tile gid="2776"/>
   <tile gid="2777"/>
   <tile gid="2778"/>
   <tile gid="2779"/>
   <tile gid="2900"/>
   <tile gid="2901"/>
   <tile gid="2902"/>
   <tile gid="2903"/>
   <tile gid="2904"/>
   <tile gid="2905"/>
   <tile gid="2906"/>
   <tile gid="2907"/>
   <tile gid="3028"/>
   <tile gid="3029"/>
   <tile gid="3030"/>
   <tile gid="3031"/>
   <tile gid="3032"/>
   <tile gid="3033"/>
   <tile gid="3034"/>
   <tile gid="3035"/>
   <tile gid="3156"/>
   <tile gid="3157"/>
   <tile gid="3158"/>
   <tile gid="3159"/>
   <tile gid="3160"/>
   <tile gid="3161"/>
   <tile gid="3162"/>
   <tile gid="3163"/>
   <tile gid="3284"/>
   <tile gid="3285"/>
   <tile gid="3286"/>
   <tile gid="3287"/>
   <tile gid="3288"/>
   <tile gid="3289"/>
   <tile gid="3290"/>
   <tile gid="3291"/>
   <tile gid="3412"/>
   <tile gid="3413"/>
   <tile gid="3414"/>
   <tile gid="3415"/>
   <tile gid="3416"/>
   <tile gid="3417"/>
   <tile gid="3418"/>
   <tile gid="3419"/>
   <tile gid="3540"/>
   <tile gid="3541"/>
   <tile gid="3542"/>
   <tile gid="3543"/>
   <tile gid="3544"/>
   <tile gid="3545"/>
   <tile gid="3546"/>
   <tile gid="3547"/>
   <tile gid="3668"/>
   <tile gid="3669"/>
   <tile gid="3670"/>
   <tile gid="3671"/>
   <tile gid="3672"/>
   <tile gid="3673"/>
   <tile gid="3674"/>
   <tile gid="3675"/>
   <tile gid="3796"/>
   <tile gid="3797"/>
   <tile gid="3798"/>
   <tile gid="3799"/>
   <tile gid="3800"/>
   <tile gid="3801"/>
   <tile gid="3802"/>
   <tile gid="3803"/>
   <tile gid="3924"/>
   <tile gid="3925"/>
   <tile gid="3926"/>
   <tile gid="3927"/>
   <tile gid="3928"/>
   <tile gid="3929"/>
   <tile gid="3930"/>
   <tile gid="3931"/>
   <tile gid="4052"/>
   <tile gid="4053"/>
   <tile gid="4054"/>
   <tile gid="4055"/>
   <tile gid="4056"/>
   <tile gid="4057"/>
   <tile gid="4058"/>
   <tile gid="4059"/>
   <tile gid="4180"/>
   <tile gid="4181"/>
   <tile gid="4182"/>
   <tile gid="4183"/>
   <tile gid="4184"/>
   <tile gid="4185"/>
   <tile gid="4186"/>
   <tile gid="4187"/>
   <tile gid="4308"/>
   <tile gid="4309"/>
   <tile gid="4310"/>
   <tile gid="4311"/>
   <tile gid="4312"/>
   <tile gid="4313"/>
   <tile gid="4314"/>
   <tile gid="4315"/>
   <tile gid="4436"/>
   <tile gid="4437"/>
   <tile gid="4438"/>
   <tile gid="4439"/>
   <tile gid="4440"/>
   <tile gid="4441"/>
   <tile gid="4442"/>
   <tile gid="4443"/>
   <tile gid="4564"/>
   <tile gid="4565"/>
   <tile gid="4566"/>
   <tile gid="4567"/>
   <tile gid="4568"/>
   <tile gid="4569"/>
   <tile gid="4570"/>
   <tile gid="4571"/>
   <tile gid="4692"/>
   <tile gid="4693"/>
   <tile gid="4694"/>
   <tile gid="4695"/>
   <tile gid="4696"/>
   <tile gid="4697"/>
   <tile gid="4698"/>
   <tile gid="4699"/>
   <tile gid="4820"/>
   <tile gid="4821"/>
   <tile gid="4822"/>
   <tile gid="4823"/>
   <tile gid="4824"/>
   <tile gid="4825"/>
   <tile gid="4826"/>
   <tile gid="4827"/>
   <tile gid="4948"/>
   <tile gid="4949"/>
   <tile gid="4950"/>
   <tile gid="4951"/>
   <tile gid="4952"/>
   <tile gid="4953"/>
   <tile gid="4954"/>
   <tile gid="4955"/>
   <tile gid="5076"/>
   <tile gid="5077"/>
   <tile gid="5078"/>
   <tile gid="5079"/>
   <tile gid="5080"/>
   <tile gid="5081"/>
   <tile gid="5082"/>
   <tile gid="5083"/>
   <tile gid="2772"/>
   <tile gid="2773"/>
   <tile gid="2774"/>
   <tile gid="2775"/>
   <tile gid="2776"/>
   <tile gid="2777"/>
   <tile gid="2778"/>
   <tile gid="2779"/>
   <tile gid="2900"/>
   <tile gid="2901"/>
   <tile gid="2902"/>
   <tile gid="2903"/>
   <tile gid="2904"/>
   <tile gid="2905"/>
   <tile gid="2906"/>
   <tile gid="2907"/>
   <tile gid="3028"/>
   <tile gid="3029"/>
   <tile gid="3030"/>
   <tile gid="3031"/>
   <tile gid="3032"/>
   <tile gid="3033"/>
   <tile gid="3034"/>
   <tile gid="3035"/>
   <tile gid="3156"/>
   <tile gid="3157"/>
   <tile gid="3158"/>
   <tile gid="3159"/>
   <tile gid="3160"/>
   <tile gid="3161"/>
   <tile gid="3162"/>
   <tile gid="3163"/>
   <tile gid="3284"/>
   <tile gid="3285"/>
   <tile gid="3286"/>
   <tile gid="3287"/>
   <tile gid="3288"/>
   <tile gid="3289"/>
   <tile gid="3290"/>
   <tile gid="3291"/>
   <tile gid="3412"/>
   <tile gid="3413"/>
   <tile gid="3414"/>
   <tile gid="3415"/>
   <tile gid="3416"/>
   <tile gid="3417"/>
   <tile gid="3418"/>
   <tile gid="3419"/>
   <tile gid="3540"/>
   <tile gid="3541"/>
   <tile gid="3542"/>
   <tile gid="3543"/>
   <tile gid="3544"/>
   <tile gid="3545"/>
   <tile gid="3546"/>
   <tile gid="3547"/>
   <tile gid="3668"/>
   <tile gid="3669"/>
   <tile gid="3670"/>
   <tile gid="3671"/>
   <tile gid="3672"/>
   <tile gid="3673"/>
   <tile gid="3674"/>
   <tile gid="3675"/>
   <tile gid="3796"/>
   <tile gid="3797"/>
   <tile gid="3798"/>
   <tile gid="3799"/>
   <tile gid="3800"/>
   <tile gid="3801"/>
   <tile gid="3802"/>
   <tile gid="3803"/>
   <tile gid="3924"/>
   <tile gid="3925"/>
   <tile gid="3926"/>
   <tile gid="3927"/>
   <tile gid="3928"/>
   <tile gid="3929"/>
   <tile gid="3930"/>
   <tile gid="3931"/>
   <tile gid="4052"/>
   <tile gid="4053"/>
   <tile gid="4054"/>
   <tile gid="4055"/>
   <tile gid="4056"/>
   <tile gid="4057"/>
   <tile gid="4058"/>
   <tile gid="4059"/>
   <tile gid="4180"/>
   <tile gid="4181"/>
   <tile gid="4182"/>
   <tile gid="4183"/>
   <tile gid="4184"/>
   <tile gid="4185"/>
   <tile gid="4186"/>
   <tile gid="4187"/>
   <tile gid="4308"/>
   <tile gid="4309"/>
   <tile gid="4310"/>
   <tile gid="4311"/>
   <tile gid="4312"/>
   <tile gid="4313"/>
   <tile gid="4314"/>
   <tile gid="4315"/>
   <tile gid="4436"/>
   <tile gid="4437"/>
   <tile gid="4438"/>
   <tile gid="4439"/>
   <tile gid="4440"/>
   <tile gid="4441"/>
   <tile gid="4442"/>
   <tile gid="4443"/>
   <tile gid="4564"/>
   <tile gid="4565"/>
   <tile gid="4566"/>
   <tile gid="4567"/>
   <tile gid="4568"/>
   <tile gid="4569"/>
   <tile gid="4570"/>
   <tile gid="4571"/>
   <tile gid="4692"/>
   <tile gid="4693"/>
   <tile gid="4694"/>
   <tile gid="4695"/>
   <tile gid="4696"/>
   <tile gid="4697"/>
   <tile gid="4698"/>
   <tile gid="4699"/>
   <tile gid="4820"/>
   <tile gid="4821"/>
   <tile gid="4822"/>
   <tile gid="4823"/>
   <tile gid="4824"/>
   <tile gid="4825"/>
   <tile gid="4826"/>
   <tile gid="4827"/>
   <tile gid="4948"/>
   <tile gid="4949"/>
   <tile gid="4950"/>
   <tile gid="4951"/>
   <tile gid="4952"/>
   <tile gid="4953"/>
   <tile gid="4954"/>
   <tile gid="4955"/>
   <tile gid="5076"/>
   <tile gid="5077"/>
   <tile gid="5078"/>
   <tile gid="5079"/>
   <tile gid="5080"/>
   <tile gid="5081"/>
   <tile gid="5082"/>
   <tile gid="5083"/>
  </data>
 </layer>
</map>
