<?xml version="1.0" encoding="UTF-8"?>
<map version="1.2" tiledversion="1.3.0" orientation="orthogonal" renderorder="right-down" compressionlevel="0" width="2" height="6" tilewidth="8" tileheight="8" infinite="0" nextlayerid="2" nextobjectid="1">
 <editorsettings>
  <export target="thumper.xml" format="tmx"/>
 </editorsettings>
 <tileset firstgid="1" source="Tiles.tsx"/>
 <layer id="1" name="Tile Layer 1" width="2" height="6" opacity="0.98">
  <data>
   <tile gid="24"/>
   <tile gid="25"/>
   <tile gid="152"/>
   <tile gid="153"/>
   <tile gid="280"/>
   <tile gid="281"/>
   <tile gid="272"/>
   <tile gid="273"/>
   <tile gid="12"/>
   <tile gid="15"/>
   <tile gid="140"/>
   <tile gid="143"/>
  </data>
 </layer>
</map>
