<?xml version="1.0" encoding="UTF-8"?>
<map version="1.2" tiledversion="1.3.1" orientation="orthogonal" renderorder="right-down" compressionlevel="0" width="7" height="21" tilewidth="8" tileheight="8" infinite="0" nextlayerid="2" nextobjectid="1">
 <editorsettings>
  <export target="beanstalk.xml" format="tmx"/>
 </editorsettings>
 <tileset firstgid="1" source="../Tiles.tsx"/>
 <layer id="1" name="Tile Layer 1" width="7" height="21" opacity="0.98">
  <data>
   <tile gid="128"/>
   <tile gid="128"/>
   <tile gid="128"/>
   <tile gid="40"/>
   <tile gid="128"/>
   <tile gid="128"/>
   <tile gid="128"/>
   <tile gid="128"/>
   <tile gid="128"/>
   <tile gid="128"/>
   <tile gid="168"/>
   <tile gid="128"/>
   <tile gid="128"/>
   <tile gid="128"/>
   <tile gid="128"/>
   <tile gid="128"/>
   <tile gid="128"/>
   <tile gid="296"/>
   <tile gid="297"/>
   <tile gid="128"/>
   <tile gid="128"/>
   <tile gid="128"/>
   <tile gid="128"/>
   <tile gid="128"/>
   <tile gid="424"/>
   <tile gid="425"/>
   <tile gid="128"/>
   <tile gid="128"/>
   <tile gid="128"/>
   <tile gid="128"/>
   <tile gid="128"/>
   <tile gid="552"/>
   <tile gid="553"/>
   <tile gid="554"/>
   <tile gid="128"/>
   <tile gid="128"/>
   <tile gid="128"/>
   <tile gid="679"/>
   <tile gid="680"/>
   <tile gid="681"/>
   <tile gid="128"/>
   <tile gid="128"/>
   <tile gid="128"/>
   <tile gid="128"/>
   <tile gid="807"/>
   <tile gid="808"/>
   <tile gid="128"/>
   <tile gid="128"/>
   <tile gid="128"/>
   <tile gid="933"/>
   <tile gid="934"/>
   <tile gid="935"/>
   <tile gid="936"/>
   <tile gid="937"/>
   <tile gid="128"/>
   <tile gid="128"/>
   <tile gid="1061"/>
   <tile gid="1062"/>
   <tile gid="1063"/>
   <tile gid="1064"/>
   <tile gid="1065"/>
   <tile gid="1066"/>
   <tile gid="128"/>
   <tile gid="128"/>
   <tile gid="128"/>
   <tile gid="1191"/>
   <tile gid="1192"/>
   <tile gid="1193"/>
   <tile gid="128"/>
   <tile gid="128"/>
   <tile gid="128"/>
   <tile gid="128"/>
   <tile gid="1319"/>
   <tile gid="1320"/>
   <tile gid="1321"/>
   <tile gid="1322"/>
   <tile gid="128"/>
   <tile gid="128"/>
   <tile gid="128"/>
   <tile gid="1447"/>
   <tile gid="1448"/>
   <tile gid="1449"/>
   <tile gid="1450"/>
   <tile gid="1451"/>
   <tile gid="128"/>
   <tile gid="1574"/>
   <tile gid="1575"/>
   <tile gid="1576"/>
   <tile gid="1577"/>
   <tile gid="1578"/>
   <tile gid="1579"/>
   <tile gid="128"/>
   <tile gid="1702"/>
   <tile gid="1703"/>
   <tile gid="1704"/>
   <tile gid="1705"/>
   <tile gid="1706"/>
   <tile gid="128"/>
   <tile gid="128"/>
   <tile gid="1830"/>
   <tile gid="1831"/>
   <tile gid="1832"/>
   <tile gid="1833"/>
   <tile gid="1834"/>
   <tile gid="128"/>
   <tile gid="1957"/>
   <tile gid="1958"/>
   <tile gid="1959"/>
   <tile gid="1960"/>
   <tile gid="1961"/>
   <tile gid="1962"/>
   <tile gid="1963"/>
   <tile gid="2085"/>
   <tile gid="2086"/>
   <tile gid="2087"/>
   <tile gid="2088"/>
   <tile gid="2089"/>
   <tile gid="2090"/>
   <tile gid="2091"/>
   <tile gid="2213"/>
   <tile gid="2214"/>
   <tile gid="2215"/>
   <tile gid="2216"/>
   <tile gid="2217"/>
   <tile gid="2218"/>
   <tile gid="2219"/>
   <tile gid="272"/>
   <tile gid="273"/>
   <tile gid="144"/>
   <tile gid="410"/>
   <tile gid="145"/>
   <tile gid="272"/>
   <tile gid="273"/>
   <tile gid="13"/>
   <tile gid="14"/>
   <tile gid="282"/>
   <tile gid="283"/>
   <tile gid="284"/>
   <tile gid="14"/>
   <tile gid="14"/>
   <tile gid="141"/>
   <tile gid="142"/>
   <tile gid="141"/>
   <tile gid="142"/>
   <tile gid="141"/>
   <tile gid="142"/>
   <tile gid="142"/>
  </data>
 </layer>
</map>
