<?xml version="1.0" encoding="UTF-8"?>
<map version="1.2" tiledversion="1.3.1" orientation="orthogonal" renderorder="right-down" compressionlevel="0" width="40" height="44" tilewidth="8" tileheight="8" infinite="0" nextlayerid="2" nextobjectid="1">
 <editorsettings>
  <export target="bigWall.xml" format="tmx"/>
 </editorsettings>
 <tileset firstgid="1" source="../Tiles.tsx"/>
 <layer id="1" name="Tile Layer 1" width="40" height="44" opacity="0.98">
  <data>
   <tile gid="1"/>
   <tile gid="1"/>
   <tile gid="1"/>
   <tile gid="1"/>
   <tile gid="1"/>
   <tile gid="1"/>
   <tile gid="1"/>
   <tile gid="1"/>
   <tile gid="1"/>
   <tile gid="1"/>
   <tile gid="1"/>
   <tile gid="1"/>
   <tile gid="97"/>
   <tile gid="98"/>
   <tile gid="99"/>
   <tile gid="100"/>
   <tile gid="101"/>
   <tile gid="102"/>
   <tile gid="103"/>
   <tile gid="104"/>
   <tile gid="1"/>
   <tile gid="1"/>
   <tile gid="1"/>
   <tile gid="1"/>
   <tile gid="1"/>
   <tile gid="1"/>
   <tile gid="1"/>
   <tile gid="1"/>
   <tile gid="1"/>
   <tile gid="1"/>
   <tile gid="1"/>
   <tile gid="1"/>
   <tile gid="1"/>
   <tile gid="1"/>
   <tile gid="1"/>
   <tile gid="1"/>
   <tile gid="1"/>
   <tile gid="1"/>
   <tile gid="1"/>
   <tile gid="1"/>
   <tile gid="1"/>
   <tile gid="1"/>
   <tile gid="1"/>
   <tile gid="1"/>
   <tile gid="1"/>
   <tile gid="1"/>
   <tile gid="1"/>
   <tile gid="1"/>
   <tile gid="1"/>
   <tile gid="1"/>
   <tile gid="1"/>
   <tile gid="1"/>
   <tile gid="225"/>
   <tile gid="226"/>
   <tile gid="227"/>
   <tile gid="228"/>
   <tile gid="229"/>
   <tile gid="230"/>
   <tile gid="231"/>
   <tile gid="232"/>
   <tile gid="1"/>
   <tile gid="1"/>
   <tile gid="1"/>
   <tile gid="1"/>
   <tile gid="1"/>
   <tile gid="1"/>
   <tile gid="1"/>
   <tile gid="1"/>
   <tile gid="1"/>
   <tile gid="1"/>
   <tile gid="1"/>
   <tile gid="1"/>
   <tile gid="1"/>
   <tile gid="1"/>
   <tile gid="1"/>
   <tile gid="1"/>
   <tile gid="1"/>
   <tile gid="1"/>
   <tile gid="1"/>
   <tile gid="1"/>
   <tile gid="1"/>
   <tile gid="1"/>
   <tile gid="1"/>
   <tile gid="1"/>
   <tile gid="1"/>
   <tile gid="1"/>
   <tile gid="1"/>
   <tile gid="1"/>
   <tile gid="1"/>
   <tile gid="1"/>
   <tile gid="1"/>
   <tile gid="1"/>
   <tile gid="353"/>
   <tile gid="354"/>
   <tile gid="355"/>
   <tile gid="356"/>
   <tile gid="357"/>
   <tile gid="358"/>
   <tile gid="359"/>
   <tile gid="360"/>
   <tile gid="1"/>
   <tile gid="1"/>
   <tile gid="1"/>
   <tile gid="1"/>
   <tile gid="1"/>
   <tile gid="1"/>
   <tile gid="1"/>
   <tile gid="1"/>
   <tile gid="1"/>
   <tile gid="1"/>
   <tile gid="1"/>
   <tile gid="1"/>
   <tile gid="1"/>
   <tile gid="1"/>
   <tile gid="1"/>
   <tile gid="1"/>
   <tile gid="1"/>
   <tile gid="1"/>
   <tile gid="1"/>
   <tile gid="1"/>
   <tile gid="1"/>
   <tile gid="1"/>
   <tile gid="1"/>
   <tile gid="1"/>
   <tile gid="1"/>
   <tile gid="1"/>
   <tile gid="1"/>
   <tile gid="1"/>
   <tile gid="1"/>
   <tile gid="1"/>
   <tile gid="1"/>
   <tile gid="1"/>
   <tile gid="481"/>
   <tile gid="482"/>
   <tile gid="483"/>
   <tile gid="484"/>
   <tile gid="485"/>
   <tile gid="486"/>
   <tile gid="487"/>
   <tile gid="488"/>
   <tile gid="1"/>
   <tile gid="1"/>
   <tile gid="1"/>
   <tile gid="1"/>
   <tile gid="1"/>
   <tile gid="1"/>
   <tile gid="1"/>
   <tile gid="1"/>
   <tile gid="1"/>
   <tile gid="1"/>
   <tile gid="1"/>
   <tile gid="1"/>
   <tile gid="1"/>
   <tile gid="1"/>
   <tile gid="1"/>
   <tile gid="1"/>
   <tile gid="1"/>
   <tile gid="1"/>
   <tile gid="1"/>
   <tile gid="1"/>
   <tile gid="1"/>
   <tile gid="1"/>
   <tile gid="1"/>
   <tile gid="1"/>
   <tile gid="1"/>
   <tile gid="1"/>
   <tile gid="1"/>
   <tile gid="1"/>
   <tile gid="97"/>
   <tile gid="98"/>
   <tile gid="99"/>
   <tile gid="100"/>
   <tile gid="103"/>
   <tile gid="104"/>
   <tile gid="1"/>
   <tile gid="1"/>
   <tile gid="1"/>
   <tile gid="1"/>
   <tile gid="97"/>
   <tile gid="98"/>
   <tile gid="101"/>
   <tile gid="102"/>
   <tile gid="103"/>
   <tile gid="104"/>
   <tile gid="609"/>
   <tile gid="610"/>
   <tile gid="611"/>
   <tile gid="612"/>
   <tile gid="613"/>
   <tile gid="614"/>
   <tile gid="615"/>
   <tile gid="616"/>
   <tile gid="1"/>
   <tile gid="1"/>
   <tile gid="1"/>
   <tile gid="1"/>
   <tile gid="1"/>
   <tile gid="1"/>
   <tile gid="1"/>
   <tile gid="1"/>
   <tile gid="1"/>
   <tile gid="1"/>
   <tile gid="1"/>
   <tile gid="1"/>
   <tile gid="1"/>
   <tile gid="1"/>
   <tile gid="1"/>
   <tile gid="1"/>
   <tile gid="225"/>
   <tile gid="226"/>
   <tile gid="227"/>
   <tile gid="228"/>
   <tile gid="231"/>
   <tile gid="232"/>
   <tile gid="1"/>
   <tile gid="1"/>
   <tile gid="1"/>
   <tile gid="1"/>
   <tile gid="225"/>
   <tile gid="226"/>
   <tile gid="229"/>
   <tile gid="230"/>
   <tile gid="231"/>
   <tile gid="232"/>
   <tile gid="737"/>
   <tile gid="738"/>
   <tile gid="739"/>
   <tile gid="740"/>
   <tile gid="741"/>
   <tile gid="742"/>
   <tile gid="743"/>
   <tile gid="744"/>
   <tile gid="1"/>
   <tile gid="1"/>
   <tile gid="1"/>
   <tile gid="1"/>
   <tile gid="1"/>
   <tile gid="1"/>
   <tile gid="1"/>
   <tile gid="1"/>
   <tile gid="1"/>
   <tile gid="1"/>
   <tile gid="1"/>
   <tile gid="1"/>
   <tile gid="1"/>
   <tile gid="1"/>
   <tile gid="1"/>
   <tile gid="1"/>
   <tile gid="353"/>
   <tile gid="354"/>
   <tile gid="355"/>
   <tile gid="356"/>
   <tile gid="359"/>
   <tile gid="360"/>
   <tile gid="1"/>
   <tile gid="1"/>
   <tile gid="1"/>
   <tile gid="1"/>
   <tile gid="353"/>
   <tile gid="354"/>
   <tile gid="357"/>
   <tile gid="358"/>
   <tile gid="359"/>
   <tile gid="360"/>
   <tile gid="865"/>
   <tile gid="866"/>
   <tile gid="867"/>
   <tile gid="868"/>
   <tile gid="869"/>
   <tile gid="870"/>
   <tile gid="871"/>
   <tile gid="872"/>
   <tile gid="1"/>
   <tile gid="1"/>
   <tile gid="1"/>
   <tile gid="1"/>
   <tile gid="1"/>
   <tile gid="1"/>
   <tile gid="1"/>
   <tile gid="1"/>
   <tile gid="1"/>
   <tile gid="1"/>
   <tile gid="1"/>
   <tile gid="1"/>
   <tile gid="1"/>
   <tile gid="1"/>
   <tile gid="1"/>
   <tile gid="1"/>
   <tile gid="481"/>
   <tile gid="482"/>
   <tile gid="483"/>
   <tile gid="484"/>
   <tile gid="487"/>
   <tile gid="488"/>
   <tile gid="1"/>
   <tile gid="1"/>
   <tile gid="1"/>
   <tile gid="1"/>
   <tile gid="481"/>
   <tile gid="482"/>
   <tile gid="485"/>
   <tile gid="486"/>
   <tile gid="487"/>
   <tile gid="488"/>
   <tile gid="993"/>
   <tile gid="994"/>
   <tile gid="995"/>
   <tile gid="996"/>
   <tile gid="997"/>
   <tile gid="998"/>
   <tile gid="999"/>
   <tile gid="1000"/>
   <tile gid="1"/>
   <tile gid="1"/>
   <tile gid="1"/>
   <tile gid="1"/>
   <tile gid="1"/>
   <tile gid="1"/>
   <tile gid="1"/>
   <tile gid="1"/>
   <tile gid="1"/>
   <tile gid="1"/>
   <tile gid="1"/>
   <tile gid="1"/>
   <tile gid="609"/>
   <tile gid="610"/>
   <tile gid="611"/>
   <tile gid="612"/>
   <tile gid="613"/>
   <tile gid="614"/>
   <tile gid="615"/>
   <tile gid="616"/>
   <tile gid="97"/>
   <tile gid="98"/>
   <tile gid="99"/>
   <tile gid="100"/>
   <tile gid="101"/>
   <tile gid="102"/>
   <tile gid="103"/>
   <tile gid="104"/>
   <tile gid="1"/>
   <tile gid="1"/>
   <tile gid="1"/>
   <tile gid="1"/>
   <tile gid="1"/>
   <tile gid="1"/>
   <tile gid="1"/>
   <tile gid="1"/>
   <tile gid="97"/>
   <tile gid="98"/>
   <tile gid="99"/>
   <tile gid="100"/>
   <tile gid="101"/>
   <tile gid="102"/>
   <tile gid="103"/>
   <tile gid="104"/>
   <tile gid="1"/>
   <tile gid="1"/>
   <tile gid="1"/>
   <tile gid="1"/>
   <tile gid="1"/>
   <tile gid="1"/>
   <tile gid="1"/>
   <tile gid="1"/>
   <tile gid="737"/>
   <tile gid="738"/>
   <tile gid="739"/>
   <tile gid="740"/>
   <tile gid="741"/>
   <tile gid="742"/>
   <tile gid="743"/>
   <tile gid="744"/>
   <tile gid="225"/>
   <tile gid="226"/>
   <tile gid="227"/>
   <tile gid="228"/>
   <tile gid="229"/>
   <tile gid="230"/>
   <tile gid="231"/>
   <tile gid="232"/>
   <tile gid="1"/>
   <tile gid="1"/>
   <tile gid="1"/>
   <tile gid="1"/>
   <tile gid="1"/>
   <tile gid="1"/>
   <tile gid="1"/>
   <tile gid="1"/>
   <tile gid="225"/>
   <tile gid="226"/>
   <tile gid="227"/>
   <tile gid="228"/>
   <tile gid="229"/>
   <tile gid="230"/>
   <tile gid="231"/>
   <tile gid="232"/>
   <tile gid="1"/>
   <tile gid="1"/>
   <tile gid="1"/>
   <tile gid="1"/>
   <tile gid="1"/>
   <tile gid="1"/>
   <tile gid="1"/>
   <tile gid="1"/>
   <tile gid="865"/>
   <tile gid="866"/>
   <tile gid="867"/>
   <tile gid="868"/>
   <tile gid="869"/>
   <tile gid="870"/>
   <tile gid="871"/>
   <tile gid="872"/>
   <tile gid="353"/>
   <tile gid="354"/>
   <tile gid="355"/>
   <tile gid="356"/>
   <tile gid="357"/>
   <tile gid="358"/>
   <tile gid="359"/>
   <tile gid="360"/>
   <tile gid="1"/>
   <tile gid="1"/>
   <tile gid="1"/>
   <tile gid="1"/>
   <tile gid="1"/>
   <tile gid="1"/>
   <tile gid="1"/>
   <tile gid="1"/>
   <tile gid="353"/>
   <tile gid="354"/>
   <tile gid="355"/>
   <tile gid="356"/>
   <tile gid="357"/>
   <tile gid="358"/>
   <tile gid="359"/>
   <tile gid="360"/>
   <tile gid="1"/>
   <tile gid="1"/>
   <tile gid="1"/>
   <tile gid="1"/>
   <tile gid="1"/>
   <tile gid="1"/>
   <tile gid="1"/>
   <tile gid="1"/>
   <tile gid="993"/>
   <tile gid="994"/>
   <tile gid="995"/>
   <tile gid="996"/>
   <tile gid="997"/>
   <tile gid="998"/>
   <tile gid="999"/>
   <tile gid="1000"/>
   <tile gid="481"/>
   <tile gid="482"/>
   <tile gid="483"/>
   <tile gid="484"/>
   <tile gid="485"/>
   <tile gid="486"/>
   <tile gid="487"/>
   <tile gid="488"/>
   <tile gid="1"/>
   <tile gid="1"/>
   <tile gid="1"/>
   <tile gid="1"/>
   <tile gid="1"/>
   <tile gid="1"/>
   <tile gid="1"/>
   <tile gid="1"/>
   <tile gid="481"/>
   <tile gid="482"/>
   <tile gid="483"/>
   <tile gid="484"/>
   <tile gid="485"/>
   <tile gid="486"/>
   <tile gid="487"/>
   <tile gid="488"/>
   <tile gid="1"/>
   <tile gid="1"/>
   <tile gid="1"/>
   <tile gid="1"/>
   <tile gid="1"/>
   <tile gid="1"/>
   <tile gid="1"/>
   <tile gid="1"/>
   <tile gid="1"/>
   <tile gid="1"/>
   <tile gid="1"/>
   <tile gid="1"/>
   <tile gid="97"/>
   <tile gid="98"/>
   <tile gid="99"/>
   <tile gid="100"/>
   <tile gid="101"/>
   <tile gid="102"/>
   <tile gid="103"/>
   <tile gid="104"/>
   <tile gid="1"/>
   <tile gid="1"/>
   <tile gid="1"/>
   <tile gid="1"/>
   <tile gid="1"/>
   <tile gid="1"/>
   <tile gid="1"/>
   <tile gid="1"/>
   <tile gid="97"/>
   <tile gid="98"/>
   <tile gid="99"/>
   <tile gid="100"/>
   <tile gid="101"/>
   <tile gid="102"/>
   <tile gid="103"/>
   <tile gid="104"/>
   <tile gid="1"/>
   <tile gid="1"/>
   <tile gid="1"/>
   <tile gid="1"/>
   <tile gid="1"/>
   <tile gid="1"/>
   <tile gid="1"/>
   <tile gid="1"/>
   <tile gid="1"/>
   <tile gid="1"/>
   <tile gid="1"/>
   <tile gid="1"/>
   <tile gid="1"/>
   <tile gid="1"/>
   <tile gid="1"/>
   <tile gid="1"/>
   <tile gid="225"/>
   <tile gid="226"/>
   <tile gid="227"/>
   <tile gid="228"/>
   <tile gid="229"/>
   <tile gid="230"/>
   <tile gid="231"/>
   <tile gid="232"/>
   <tile gid="1"/>
   <tile gid="1"/>
   <tile gid="1"/>
   <tile gid="1"/>
   <tile gid="1"/>
   <tile gid="1"/>
   <tile gid="1"/>
   <tile gid="1"/>
   <tile gid="225"/>
   <tile gid="226"/>
   <tile gid="227"/>
   <tile gid="228"/>
   <tile gid="229"/>
   <tile gid="230"/>
   <tile gid="231"/>
   <tile gid="232"/>
   <tile gid="1"/>
   <tile gid="1"/>
   <tile gid="1"/>
   <tile gid="1"/>
   <tile gid="1"/>
   <tile gid="1"/>
   <tile gid="1"/>
   <tile gid="1"/>
   <tile gid="1"/>
   <tile gid="1"/>
   <tile gid="1"/>
   <tile gid="1"/>
   <tile gid="1"/>
   <tile gid="1"/>
   <tile gid="1"/>
   <tile gid="1"/>
   <tile gid="353"/>
   <tile gid="354"/>
   <tile gid="355"/>
   <tile gid="356"/>
   <tile gid="357"/>
   <tile gid="358"/>
   <tile gid="359"/>
   <tile gid="360"/>
   <tile gid="1"/>
   <tile gid="1"/>
   <tile gid="1"/>
   <tile gid="1"/>
   <tile gid="1"/>
   <tile gid="1"/>
   <tile gid="1"/>
   <tile gid="1"/>
   <tile gid="353"/>
   <tile gid="354"/>
   <tile gid="355"/>
   <tile gid="356"/>
   <tile gid="357"/>
   <tile gid="358"/>
   <tile gid="359"/>
   <tile gid="360"/>
   <tile gid="1"/>
   <tile gid="1"/>
   <tile gid="1"/>
   <tile gid="1"/>
   <tile gid="1"/>
   <tile gid="1"/>
   <tile gid="1"/>
   <tile gid="1"/>
   <tile gid="1"/>
   <tile gid="1"/>
   <tile gid="1"/>
   <tile gid="1"/>
   <tile gid="1"/>
   <tile gid="1"/>
   <tile gid="1"/>
   <tile gid="1"/>
   <tile gid="481"/>
   <tile gid="482"/>
   <tile gid="483"/>
   <tile gid="484"/>
   <tile gid="485"/>
   <tile gid="486"/>
   <tile gid="487"/>
   <tile gid="488"/>
   <tile gid="1"/>
   <tile gid="1"/>
   <tile gid="1"/>
   <tile gid="1"/>
   <tile gid="1"/>
   <tile gid="1"/>
   <tile gid="1"/>
   <tile gid="1"/>
   <tile gid="481"/>
   <tile gid="482"/>
   <tile gid="483"/>
   <tile gid="484"/>
   <tile gid="485"/>
   <tile gid="486"/>
   <tile gid="487"/>
   <tile gid="488"/>
   <tile gid="1"/>
   <tile gid="1"/>
   <tile gid="1"/>
   <tile gid="1"/>
   <tile gid="1"/>
   <tile gid="1"/>
   <tile gid="1"/>
   <tile gid="1"/>
   <tile gid="1"/>
   <tile gid="1"/>
   <tile gid="1"/>
   <tile gid="1"/>
   <tile gid="97"/>
   <tile gid="98"/>
   <tile gid="99"/>
   <tile gid="100"/>
   <tile gid="101"/>
   <tile gid="102"/>
   <tile gid="103"/>
   <tile gid="104"/>
   <tile gid="1"/>
   <tile gid="1"/>
   <tile gid="1"/>
   <tile gid="1"/>
   <tile gid="1"/>
   <tile gid="1"/>
   <tile gid="1"/>
   <tile gid="1"/>
   <tile gid="1"/>
   <tile gid="1"/>
   <tile gid="1"/>
   <tile gid="1"/>
   <tile gid="1"/>
   <tile gid="1"/>
   <tile gid="1"/>
   <tile gid="1"/>
   <tile gid="609"/>
   <tile gid="610"/>
   <tile gid="611"/>
   <tile gid="612"/>
   <tile gid="613"/>
   <tile gid="614"/>
   <tile gid="615"/>
   <tile gid="616"/>
   <tile gid="1"/>
   <tile gid="1"/>
   <tile gid="1"/>
   <tile gid="1"/>
   <tile gid="1"/>
   <tile gid="1"/>
   <tile gid="1"/>
   <tile gid="1"/>
   <tile gid="225"/>
   <tile gid="226"/>
   <tile gid="227"/>
   <tile gid="228"/>
   <tile gid="229"/>
   <tile gid="230"/>
   <tile gid="231"/>
   <tile gid="232"/>
   <tile gid="1"/>
   <tile gid="1"/>
   <tile gid="1"/>
   <tile gid="1"/>
   <tile gid="1"/>
   <tile gid="1"/>
   <tile gid="1"/>
   <tile gid="1"/>
   <tile gid="1"/>
   <tile gid="1"/>
   <tile gid="1"/>
   <tile gid="1"/>
   <tile gid="1"/>
   <tile gid="1"/>
   <tile gid="1"/>
   <tile gid="1"/>
   <tile gid="737"/>
   <tile gid="738"/>
   <tile gid="739"/>
   <tile gid="740"/>
   <tile gid="741"/>
   <tile gid="742"/>
   <tile gid="743"/>
   <tile gid="744"/>
   <tile gid="1"/>
   <tile gid="1"/>
   <tile gid="1"/>
   <tile gid="1"/>
   <tile gid="1"/>
   <tile gid="1"/>
   <tile gid="1"/>
   <tile gid="1"/>
   <tile gid="353"/>
   <tile gid="354"/>
   <tile gid="355"/>
   <tile gid="356"/>
   <tile gid="357"/>
   <tile gid="358"/>
   <tile gid="359"/>
   <tile gid="360"/>
   <tile gid="1"/>
   <tile gid="1"/>
   <tile gid="1"/>
   <tile gid="1"/>
   <tile gid="1"/>
   <tile gid="1"/>
   <tile gid="1"/>
   <tile gid="1"/>
   <tile gid="1"/>
   <tile gid="1"/>
   <tile gid="1"/>
   <tile gid="1"/>
   <tile gid="1"/>
   <tile gid="1"/>
   <tile gid="1"/>
   <tile gid="1"/>
   <tile gid="865"/>
   <tile gid="866"/>
   <tile gid="867"/>
   <tile gid="868"/>
   <tile gid="869"/>
   <tile gid="870"/>
   <tile gid="871"/>
   <tile gid="872"/>
   <tile gid="1"/>
   <tile gid="1"/>
   <tile gid="1"/>
   <tile gid="1"/>
   <tile gid="1"/>
   <tile gid="1"/>
   <tile gid="1"/>
   <tile gid="1"/>
   <tile gid="481"/>
   <tile gid="482"/>
   <tile gid="483"/>
   <tile gid="484"/>
   <tile gid="485"/>
   <tile gid="486"/>
   <tile gid="487"/>
   <tile gid="488"/>
   <tile gid="1"/>
   <tile gid="1"/>
   <tile gid="1"/>
   <tile gid="1"/>
   <tile gid="1"/>
   <tile gid="1"/>
   <tile gid="1"/>
   <tile gid="1"/>
   <tile gid="1"/>
   <tile gid="1"/>
   <tile gid="1"/>
   <tile gid="1"/>
   <tile gid="1"/>
   <tile gid="1"/>
   <tile gid="1"/>
   <tile gid="1"/>
   <tile gid="993"/>
   <tile gid="994"/>
   <tile gid="995"/>
   <tile gid="996"/>
   <tile gid="997"/>
   <tile gid="998"/>
   <tile gid="999"/>
   <tile gid="1000"/>
   <tile gid="1"/>
   <tile gid="1"/>
   <tile gid="1"/>
   <tile gid="1"/>
   <tile gid="97"/>
   <tile gid="98"/>
   <tile gid="99"/>
   <tile gid="100"/>
   <tile gid="103"/>
   <tile gid="104"/>
   <tile gid="1"/>
   <tile gid="1"/>
   <tile gid="1"/>
   <tile gid="1"/>
   <tile gid="97"/>
   <tile gid="98"/>
   <tile gid="101"/>
   <tile gid="102"/>
   <tile gid="103"/>
   <tile gid="104"/>
   <tile gid="1"/>
   <tile gid="1"/>
   <tile gid="1"/>
   <tile gid="1"/>
   <tile gid="1"/>
   <tile gid="1"/>
   <tile gid="1"/>
   <tile gid="1"/>
   <tile gid="97"/>
   <tile gid="98"/>
   <tile gid="99"/>
   <tile gid="100"/>
   <tile gid="101"/>
   <tile gid="102"/>
   <tile gid="103"/>
   <tile gid="104"/>
   <tile gid="97"/>
   <tile gid="98"/>
   <tile gid="99"/>
   <tile gid="100"/>
   <tile gid="101"/>
   <tile gid="102"/>
   <tile gid="103"/>
   <tile gid="104"/>
   <tile gid="225"/>
   <tile gid="226"/>
   <tile gid="227"/>
   <tile gid="228"/>
   <tile gid="231"/>
   <tile gid="232"/>
   <tile gid="1"/>
   <tile gid="1"/>
   <tile gid="1"/>
   <tile gid="1"/>
   <tile gid="225"/>
   <tile gid="226"/>
   <tile gid="229"/>
   <tile gid="230"/>
   <tile gid="231"/>
   <tile gid="232"/>
   <tile gid="1"/>
   <tile gid="1"/>
   <tile gid="1"/>
   <tile gid="1"/>
   <tile gid="1"/>
   <tile gid="1"/>
   <tile gid="1"/>
   <tile gid="1"/>
   <tile gid="225"/>
   <tile gid="226"/>
   <tile gid="227"/>
   <tile gid="228"/>
   <tile gid="229"/>
   <tile gid="230"/>
   <tile gid="231"/>
   <tile gid="232"/>
   <tile gid="225"/>
   <tile gid="226"/>
   <tile gid="227"/>
   <tile gid="228"/>
   <tile gid="229"/>
   <tile gid="230"/>
   <tile gid="231"/>
   <tile gid="232"/>
   <tile gid="353"/>
   <tile gid="354"/>
   <tile gid="355"/>
   <tile gid="356"/>
   <tile gid="359"/>
   <tile gid="360"/>
   <tile gid="1"/>
   <tile gid="1"/>
   <tile gid="1"/>
   <tile gid="1"/>
   <tile gid="353"/>
   <tile gid="354"/>
   <tile gid="357"/>
   <tile gid="358"/>
   <tile gid="359"/>
   <tile gid="360"/>
   <tile gid="1"/>
   <tile gid="1"/>
   <tile gid="1"/>
   <tile gid="1"/>
   <tile gid="1"/>
   <tile gid="1"/>
   <tile gid="1"/>
   <tile gid="1"/>
   <tile gid="353"/>
   <tile gid="354"/>
   <tile gid="355"/>
   <tile gid="356"/>
   <tile gid="357"/>
   <tile gid="358"/>
   <tile gid="359"/>
   <tile gid="360"/>
   <tile gid="353"/>
   <tile gid="354"/>
   <tile gid="355"/>
   <tile gid="356"/>
   <tile gid="357"/>
   <tile gid="358"/>
   <tile gid="359"/>
   <tile gid="360"/>
   <tile gid="481"/>
   <tile gid="482"/>
   <tile gid="483"/>
   <tile gid="484"/>
   <tile gid="487"/>
   <tile gid="488"/>
   <tile gid="1"/>
   <tile gid="1"/>
   <tile gid="1"/>
   <tile gid="1"/>
   <tile gid="481"/>
   <tile gid="482"/>
   <tile gid="485"/>
   <tile gid="486"/>
   <tile gid="487"/>
   <tile gid="488"/>
   <tile gid="1"/>
   <tile gid="1"/>
   <tile gid="1"/>
   <tile gid="1"/>
   <tile gid="1"/>
   <tile gid="1"/>
   <tile gid="1"/>
   <tile gid="1"/>
   <tile gid="481"/>
   <tile gid="482"/>
   <tile gid="483"/>
   <tile gid="484"/>
   <tile gid="485"/>
   <tile gid="486"/>
   <tile gid="487"/>
   <tile gid="488"/>
   <tile gid="481"/>
   <tile gid="482"/>
   <tile gid="483"/>
   <tile gid="484"/>
   <tile gid="485"/>
   <tile gid="486"/>
   <tile gid="487"/>
   <tile gid="488"/>
   <tile gid="1"/>
   <tile gid="1"/>
   <tile gid="1"/>
   <tile gid="1"/>
   <tile gid="609"/>
   <tile gid="610"/>
   <tile gid="611"/>
   <tile gid="612"/>
   <tile gid="613"/>
   <tile gid="614"/>
   <tile gid="615"/>
   <tile gid="616"/>
   <tile gid="97"/>
   <tile gid="98"/>
   <tile gid="99"/>
   <tile gid="100"/>
   <tile gid="103"/>
   <tile gid="104"/>
   <tile gid="1"/>
   <tile gid="1"/>
   <tile gid="1"/>
   <tile gid="1"/>
   <tile gid="97"/>
   <tile gid="98"/>
   <tile gid="101"/>
   <tile gid="102"/>
   <tile gid="103"/>
   <tile gid="104"/>
   <tile gid="609"/>
   <tile gid="610"/>
   <tile gid="611"/>
   <tile gid="612"/>
   <tile gid="613"/>
   <tile gid="614"/>
   <tile gid="615"/>
   <tile gid="616"/>
   <tile gid="1"/>
   <tile gid="1"/>
   <tile gid="1"/>
   <tile gid="1"/>
   <tile gid="1"/>
   <tile gid="1"/>
   <tile gid="1"/>
   <tile gid="1"/>
   <tile gid="737"/>
   <tile gid="738"/>
   <tile gid="739"/>
   <tile gid="740"/>
   <tile gid="741"/>
   <tile gid="742"/>
   <tile gid="743"/>
   <tile gid="744"/>
   <tile gid="225"/>
   <tile gid="226"/>
   <tile gid="227"/>
   <tile gid="228"/>
   <tile gid="231"/>
   <tile gid="232"/>
   <tile gid="1"/>
   <tile gid="1"/>
   <tile gid="1"/>
   <tile gid="1"/>
   <tile gid="225"/>
   <tile gid="226"/>
   <tile gid="229"/>
   <tile gid="230"/>
   <tile gid="231"/>
   <tile gid="232"/>
   <tile gid="737"/>
   <tile gid="738"/>
   <tile gid="739"/>
   <tile gid="740"/>
   <tile gid="741"/>
   <tile gid="742"/>
   <tile gid="743"/>
   <tile gid="744"/>
   <tile gid="1"/>
   <tile gid="1"/>
   <tile gid="1"/>
   <tile gid="1"/>
   <tile gid="1"/>
   <tile gid="1"/>
   <tile gid="1"/>
   <tile gid="1"/>
   <tile gid="865"/>
   <tile gid="866"/>
   <tile gid="867"/>
   <tile gid="868"/>
   <tile gid="869"/>
   <tile gid="870"/>
   <tile gid="871"/>
   <tile gid="872"/>
   <tile gid="353"/>
   <tile gid="354"/>
   <tile gid="355"/>
   <tile gid="356"/>
   <tile gid="359"/>
   <tile gid="360"/>
   <tile gid="1"/>
   <tile gid="1"/>
   <tile gid="1"/>
   <tile gid="1"/>
   <tile gid="353"/>
   <tile gid="354"/>
   <tile gid="357"/>
   <tile gid="358"/>
   <tile gid="359"/>
   <tile gid="360"/>
   <tile gid="865"/>
   <tile gid="866"/>
   <tile gid="867"/>
   <tile gid="868"/>
   <tile gid="869"/>
   <tile gid="870"/>
   <tile gid="871"/>
   <tile gid="872"/>
   <tile gid="1"/>
   <tile gid="1"/>
   <tile gid="1"/>
   <tile gid="1"/>
   <tile gid="1"/>
   <tile gid="1"/>
   <tile gid="1"/>
   <tile gid="1"/>
   <tile gid="993"/>
   <tile gid="994"/>
   <tile gid="995"/>
   <tile gid="996"/>
   <tile gid="997"/>
   <tile gid="998"/>
   <tile gid="999"/>
   <tile gid="1000"/>
   <tile gid="481"/>
   <tile gid="482"/>
   <tile gid="483"/>
   <tile gid="484"/>
   <tile gid="487"/>
   <tile gid="488"/>
   <tile gid="1"/>
   <tile gid="1"/>
   <tile gid="1"/>
   <tile gid="1"/>
   <tile gid="481"/>
   <tile gid="482"/>
   <tile gid="485"/>
   <tile gid="486"/>
   <tile gid="487"/>
   <tile gid="488"/>
   <tile gid="993"/>
   <tile gid="994"/>
   <tile gid="995"/>
   <tile gid="996"/>
   <tile gid="997"/>
   <tile gid="998"/>
   <tile gid="999"/>
   <tile gid="1000"/>
   <tile gid="1"/>
   <tile gid="1"/>
   <tile gid="1"/>
   <tile gid="1"/>
   <tile gid="97"/>
   <tile gid="98"/>
   <tile gid="99"/>
   <tile gid="100"/>
   <tile gid="101"/>
   <tile gid="102"/>
   <tile gid="103"/>
   <tile gid="104"/>
   <tile gid="97"/>
   <tile gid="98"/>
   <tile gid="99"/>
   <tile gid="100"/>
   <tile gid="101"/>
   <tile gid="102"/>
   <tile gid="103"/>
   <tile gid="104"/>
   <tile gid="609"/>
   <tile gid="610"/>
   <tile gid="611"/>
   <tile gid="612"/>
   <tile gid="613"/>
   <tile gid="614"/>
   <tile gid="615"/>
   <tile gid="616"/>
   <tile gid="97"/>
   <tile gid="98"/>
   <tile gid="99"/>
   <tile gid="103"/>
   <tile gid="104"/>
   <tile gid="1"/>
   <tile gid="1"/>
   <tile gid="1"/>
   <tile gid="1"/>
   <tile gid="97"/>
   <tile gid="98"/>
   <tile gid="100"/>
   <tile gid="101"/>
   <tile gid="102"/>
   <tile gid="103"/>
   <tile gid="104"/>
   <tile gid="225"/>
   <tile gid="226"/>
   <tile gid="227"/>
   <tile gid="228"/>
   <tile gid="229"/>
   <tile gid="230"/>
   <tile gid="231"/>
   <tile gid="232"/>
   <tile gid="225"/>
   <tile gid="226"/>
   <tile gid="227"/>
   <tile gid="228"/>
   <tile gid="229"/>
   <tile gid="230"/>
   <tile gid="231"/>
   <tile gid="232"/>
   <tile gid="737"/>
   <tile gid="738"/>
   <tile gid="739"/>
   <tile gid="740"/>
   <tile gid="741"/>
   <tile gid="742"/>
   <tile gid="743"/>
   <tile gid="744"/>
   <tile gid="225"/>
   <tile gid="226"/>
   <tile gid="227"/>
   <tile gid="231"/>
   <tile gid="232"/>
   <tile gid="1"/>
   <tile gid="1"/>
   <tile gid="1"/>
   <tile gid="1"/>
   <tile gid="225"/>
   <tile gid="226"/>
   <tile gid="228"/>
   <tile gid="229"/>
   <tile gid="230"/>
   <tile gid="231"/>
   <tile gid="232"/>
   <tile gid="353"/>
   <tile gid="354"/>
   <tile gid="355"/>
   <tile gid="356"/>
   <tile gid="357"/>
   <tile gid="358"/>
   <tile gid="359"/>
   <tile gid="360"/>
   <tile gid="353"/>
   <tile gid="354"/>
   <tile gid="355"/>
   <tile gid="356"/>
   <tile gid="357"/>
   <tile gid="358"/>
   <tile gid="359"/>
   <tile gid="360"/>
   <tile gid="865"/>
   <tile gid="866"/>
   <tile gid="867"/>
   <tile gid="868"/>
   <tile gid="869"/>
   <tile gid="870"/>
   <tile gid="871"/>
   <tile gid="872"/>
   <tile gid="353"/>
   <tile gid="354"/>
   <tile gid="355"/>
   <tile gid="359"/>
   <tile gid="360"/>
   <tile gid="1"/>
   <tile gid="1"/>
   <tile gid="1"/>
   <tile gid="1"/>
   <tile gid="353"/>
   <tile gid="354"/>
   <tile gid="356"/>
   <tile gid="357"/>
   <tile gid="358"/>
   <tile gid="359"/>
   <tile gid="360"/>
   <tile gid="481"/>
   <tile gid="482"/>
   <tile gid="483"/>
   <tile gid="484"/>
   <tile gid="485"/>
   <tile gid="486"/>
   <tile gid="487"/>
   <tile gid="488"/>
   <tile gid="481"/>
   <tile gid="482"/>
   <tile gid="483"/>
   <tile gid="484"/>
   <tile gid="485"/>
   <tile gid="486"/>
   <tile gid="487"/>
   <tile gid="488"/>
   <tile gid="993"/>
   <tile gid="994"/>
   <tile gid="995"/>
   <tile gid="996"/>
   <tile gid="997"/>
   <tile gid="998"/>
   <tile gid="999"/>
   <tile gid="1000"/>
   <tile gid="481"/>
   <tile gid="482"/>
   <tile gid="483"/>
   <tile gid="487"/>
   <tile gid="488"/>
   <tile gid="1"/>
   <tile gid="1"/>
   <tile gid="1"/>
   <tile gid="1"/>
   <tile gid="481"/>
   <tile gid="482"/>
   <tile gid="484"/>
   <tile gid="485"/>
   <tile gid="486"/>
   <tile gid="487"/>
   <tile gid="488"/>
   <tile gid="1"/>
   <tile gid="1"/>
   <tile gid="1"/>
   <tile gid="1"/>
   <tile gid="97"/>
   <tile gid="98"/>
   <tile gid="99"/>
   <tile gid="100"/>
   <tile gid="101"/>
   <tile gid="102"/>
   <tile gid="103"/>
   <tile gid="104"/>
   <tile gid="609"/>
   <tile gid="610"/>
   <tile gid="611"/>
   <tile gid="612"/>
   <tile gid="613"/>
   <tile gid="614"/>
   <tile gid="615"/>
   <tile gid="616"/>
   <tile gid="97"/>
   <tile gid="98"/>
   <tile gid="99"/>
   <tile gid="100"/>
   <tile gid="101"/>
   <tile gid="102"/>
   <tile gid="103"/>
   <tile gid="104"/>
   <tile gid="97"/>
   <tile gid="98"/>
   <tile gid="99"/>
   <tile gid="100"/>
   <tile gid="101"/>
   <tile gid="102"/>
   <tile gid="103"/>
   <tile gid="104"/>
   <tile gid="1"/>
   <tile gid="1"/>
   <tile gid="1"/>
   <tile gid="1"/>
   <tile gid="1"/>
   <tile gid="1"/>
   <tile gid="1"/>
   <tile gid="1"/>
   <tile gid="225"/>
   <tile gid="226"/>
   <tile gid="227"/>
   <tile gid="228"/>
   <tile gid="229"/>
   <tile gid="230"/>
   <tile gid="231"/>
   <tile gid="232"/>
   <tile gid="737"/>
   <tile gid="738"/>
   <tile gid="739"/>
   <tile gid="740"/>
   <tile gid="741"/>
   <tile gid="742"/>
   <tile gid="743"/>
   <tile gid="744"/>
   <tile gid="225"/>
   <tile gid="226"/>
   <tile gid="227"/>
   <tile gid="228"/>
   <tile gid="229"/>
   <tile gid="230"/>
   <tile gid="231"/>
   <tile gid="232"/>
   <tile gid="225"/>
   <tile gid="226"/>
   <tile gid="227"/>
   <tile gid="228"/>
   <tile gid="229"/>
   <tile gid="230"/>
   <tile gid="231"/>
   <tile gid="232"/>
   <tile gid="1"/>
   <tile gid="1"/>
   <tile gid="1"/>
   <tile gid="1"/>
   <tile gid="1"/>
   <tile gid="1"/>
   <tile gid="1"/>
   <tile gid="1"/>
   <tile gid="353"/>
   <tile gid="354"/>
   <tile gid="355"/>
   <tile gid="356"/>
   <tile gid="357"/>
   <tile gid="358"/>
   <tile gid="359"/>
   <tile gid="360"/>
   <tile gid="865"/>
   <tile gid="866"/>
   <tile gid="867"/>
   <tile gid="868"/>
   <tile gid="869"/>
   <tile gid="870"/>
   <tile gid="871"/>
   <tile gid="872"/>
   <tile gid="353"/>
   <tile gid="354"/>
   <tile gid="355"/>
   <tile gid="356"/>
   <tile gid="357"/>
   <tile gid="358"/>
   <tile gid="359"/>
   <tile gid="360"/>
   <tile gid="353"/>
   <tile gid="354"/>
   <tile gid="355"/>
   <tile gid="356"/>
   <tile gid="357"/>
   <tile gid="358"/>
   <tile gid="359"/>
   <tile gid="360"/>
   <tile gid="1"/>
   <tile gid="1"/>
   <tile gid="1"/>
   <tile gid="1"/>
   <tile gid="1"/>
   <tile gid="1"/>
   <tile gid="1"/>
   <tile gid="1"/>
   <tile gid="481"/>
   <tile gid="482"/>
   <tile gid="483"/>
   <tile gid="484"/>
   <tile gid="485"/>
   <tile gid="486"/>
   <tile gid="487"/>
   <tile gid="488"/>
   <tile gid="993"/>
   <tile gid="994"/>
   <tile gid="995"/>
   <tile gid="996"/>
   <tile gid="997"/>
   <tile gid="998"/>
   <tile gid="999"/>
   <tile gid="1000"/>
   <tile gid="481"/>
   <tile gid="482"/>
   <tile gid="483"/>
   <tile gid="484"/>
   <tile gid="485"/>
   <tile gid="486"/>
   <tile gid="487"/>
   <tile gid="488"/>
   <tile gid="481"/>
   <tile gid="482"/>
   <tile gid="483"/>
   <tile gid="484"/>
   <tile gid="485"/>
   <tile gid="486"/>
   <tile gid="487"/>
   <tile gid="488"/>
   <tile gid="1"/>
   <tile gid="1"/>
   <tile gid="1"/>
   <tile gid="1"/>
   <tile gid="97"/>
   <tile gid="98"/>
   <tile gid="99"/>
   <tile gid="100"/>
   <tile gid="101"/>
   <tile gid="102"/>
   <tile gid="103"/>
   <tile gid="104"/>
   <tile gid="97"/>
   <tile gid="98"/>
   <tile gid="99"/>
   <tile gid="100"/>
   <tile gid="101"/>
   <tile gid="102"/>
   <tile gid="103"/>
   <tile gid="104"/>
   <tile gid="97"/>
   <tile gid="98"/>
   <tile gid="99"/>
   <tile gid="100"/>
   <tile gid="103"/>
   <tile gid="104"/>
   <tile gid="1"/>
   <tile gid="1"/>
   <tile gid="1"/>
   <tile gid="1"/>
   <tile gid="97"/>
   <tile gid="98"/>
   <tile gid="101"/>
   <tile gid="102"/>
   <tile gid="103"/>
   <tile gid="104"/>
   <tile gid="1"/>
   <tile gid="1"/>
   <tile gid="1"/>
   <tile gid="1"/>
   <tile gid="1"/>
   <tile gid="1"/>
   <tile gid="1"/>
   <tile gid="1"/>
   <tile gid="225"/>
   <tile gid="226"/>
   <tile gid="227"/>
   <tile gid="228"/>
   <tile gid="229"/>
   <tile gid="230"/>
   <tile gid="231"/>
   <tile gid="232"/>
   <tile gid="225"/>
   <tile gid="226"/>
   <tile gid="227"/>
   <tile gid="228"/>
   <tile gid="229"/>
   <tile gid="230"/>
   <tile gid="231"/>
   <tile gid="232"/>
   <tile gid="225"/>
   <tile gid="226"/>
   <tile gid="227"/>
   <tile gid="228"/>
   <tile gid="231"/>
   <tile gid="232"/>
   <tile gid="1"/>
   <tile gid="1"/>
   <tile gid="1"/>
   <tile gid="1"/>
   <tile gid="225"/>
   <tile gid="226"/>
   <tile gid="229"/>
   <tile gid="230"/>
   <tile gid="231"/>
   <tile gid="232"/>
   <tile gid="1"/>
   <tile gid="1"/>
   <tile gid="1"/>
   <tile gid="1"/>
   <tile gid="1"/>
   <tile gid="1"/>
   <tile gid="1"/>
   <tile gid="1"/>
   <tile gid="353"/>
   <tile gid="354"/>
   <tile gid="355"/>
   <tile gid="356"/>
   <tile gid="357"/>
   <tile gid="358"/>
   <tile gid="359"/>
   <tile gid="360"/>
   <tile gid="353"/>
   <tile gid="354"/>
   <tile gid="355"/>
   <tile gid="356"/>
   <tile gid="357"/>
   <tile gid="358"/>
   <tile gid="359"/>
   <tile gid="360"/>
   <tile gid="353"/>
   <tile gid="354"/>
   <tile gid="355"/>
   <tile gid="356"/>
   <tile gid="359"/>
   <tile gid="360"/>
   <tile gid="1"/>
   <tile gid="1"/>
   <tile gid="1"/>
   <tile gid="1"/>
   <tile gid="353"/>
   <tile gid="354"/>
   <tile gid="357"/>
   <tile gid="358"/>
   <tile gid="359"/>
   <tile gid="360"/>
   <tile gid="1"/>
   <tile gid="1"/>
   <tile gid="1"/>
   <tile gid="1"/>
   <tile gid="1"/>
   <tile gid="1"/>
   <tile gid="1"/>
   <tile gid="1"/>
   <tile gid="481"/>
   <tile gid="482"/>
   <tile gid="483"/>
   <tile gid="484"/>
   <tile gid="485"/>
   <tile gid="486"/>
   <tile gid="487"/>
   <tile gid="488"/>
   <tile gid="481"/>
   <tile gid="482"/>
   <tile gid="483"/>
   <tile gid="484"/>
   <tile gid="485"/>
   <tile gid="486"/>
   <tile gid="487"/>
   <tile gid="488"/>
   <tile gid="481"/>
   <tile gid="482"/>
   <tile gid="483"/>
   <tile gid="484"/>
   <tile gid="487"/>
   <tile gid="488"/>
   <tile gid="1"/>
   <tile gid="1"/>
   <tile gid="1"/>
   <tile gid="1"/>
   <tile gid="481"/>
   <tile gid="482"/>
   <tile gid="485"/>
   <tile gid="486"/>
   <tile gid="487"/>
   <tile gid="488"/>
   <tile gid="1"/>
   <tile gid="1"/>
   <tile gid="1"/>
   <tile gid="1"/>
   <tile gid="1"/>
   <tile gid="1"/>
   <tile gid="1"/>
   <tile gid="1"/>
   <tile gid="1"/>
   <tile gid="1"/>
   <tile gid="1"/>
   <tile gid="1"/>
   <tile gid="97"/>
   <tile gid="98"/>
   <tile gid="99"/>
   <tile gid="100"/>
   <tile gid="101"/>
   <tile gid="102"/>
   <tile gid="103"/>
   <tile gid="104"/>
   <tile gid="97"/>
   <tile gid="98"/>
   <tile gid="99"/>
   <tile gid="100"/>
   <tile gid="101"/>
   <tile gid="102"/>
   <tile gid="103"/>
   <tile gid="104"/>
   <tile gid="97"/>
   <tile gid="98"/>
   <tile gid="99"/>
   <tile gid="100"/>
   <tile gid="101"/>
   <tile gid="102"/>
   <tile gid="103"/>
   <tile gid="104"/>
   <tile gid="97"/>
   <tile gid="98"/>
   <tile gid="99"/>
   <tile gid="100"/>
   <tile gid="101"/>
   <tile gid="102"/>
   <tile gid="103"/>
   <tile gid="104"/>
   <tile gid="1"/>
   <tile gid="1"/>
   <tile gid="1"/>
   <tile gid="1"/>
   <tile gid="1"/>
   <tile gid="1"/>
   <tile gid="1"/>
   <tile gid="1"/>
   <tile gid="225"/>
   <tile gid="226"/>
   <tile gid="227"/>
   <tile gid="228"/>
   <tile gid="229"/>
   <tile gid="230"/>
   <tile gid="231"/>
   <tile gid="232"/>
   <tile gid="225"/>
   <tile gid="226"/>
   <tile gid="227"/>
   <tile gid="228"/>
   <tile gid="229"/>
   <tile gid="230"/>
   <tile gid="231"/>
   <tile gid="232"/>
   <tile gid="225"/>
   <tile gid="226"/>
   <tile gid="227"/>
   <tile gid="228"/>
   <tile gid="229"/>
   <tile gid="230"/>
   <tile gid="231"/>
   <tile gid="232"/>
   <tile gid="225"/>
   <tile gid="226"/>
   <tile gid="227"/>
   <tile gid="228"/>
   <tile gid="229"/>
   <tile gid="230"/>
   <tile gid="231"/>
   <tile gid="232"/>
   <tile gid="1"/>
   <tile gid="1"/>
   <tile gid="1"/>
   <tile gid="1"/>
   <tile gid="1"/>
   <tile gid="1"/>
   <tile gid="1"/>
   <tile gid="1"/>
   <tile gid="353"/>
   <tile gid="354"/>
   <tile gid="355"/>
   <tile gid="356"/>
   <tile gid="357"/>
   <tile gid="358"/>
   <tile gid="359"/>
   <tile gid="360"/>
   <tile gid="353"/>
   <tile gid="354"/>
   <tile gid="355"/>
   <tile gid="356"/>
   <tile gid="357"/>
   <tile gid="358"/>
   <tile gid="359"/>
   <tile gid="360"/>
   <tile gid="353"/>
   <tile gid="354"/>
   <tile gid="355"/>
   <tile gid="356"/>
   <tile gid="357"/>
   <tile gid="358"/>
   <tile gid="359"/>
   <tile gid="360"/>
   <tile gid="353"/>
   <tile gid="354"/>
   <tile gid="355"/>
   <tile gid="356"/>
   <tile gid="357"/>
   <tile gid="358"/>
   <tile gid="359"/>
   <tile gid="360"/>
   <tile gid="1"/>
   <tile gid="1"/>
   <tile gid="1"/>
   <tile gid="1"/>
   <tile gid="1"/>
   <tile gid="1"/>
   <tile gid="1"/>
   <tile gid="1"/>
   <tile gid="481"/>
   <tile gid="482"/>
   <tile gid="483"/>
   <tile gid="484"/>
   <tile gid="485"/>
   <tile gid="486"/>
   <tile gid="487"/>
   <tile gid="488"/>
   <tile gid="481"/>
   <tile gid="482"/>
   <tile gid="483"/>
   <tile gid="484"/>
   <tile gid="485"/>
   <tile gid="486"/>
   <tile gid="487"/>
   <tile gid="488"/>
   <tile gid="481"/>
   <tile gid="482"/>
   <tile gid="483"/>
   <tile gid="484"/>
   <tile gid="485"/>
   <tile gid="486"/>
   <tile gid="487"/>
   <tile gid="488"/>
   <tile gid="481"/>
   <tile gid="482"/>
   <tile gid="483"/>
   <tile gid="484"/>
   <tile gid="485"/>
   <tile gid="486"/>
   <tile gid="487"/>
   <tile gid="488"/>
   <tile gid="1"/>
   <tile gid="1"/>
   <tile gid="1"/>
   <tile gid="1"/>
  </data>
 </layer>
</map>
