<?xml version="1.0" encoding="UTF-8"?>
<map version="1.2" tiledversion="1.3.1" orientation="orthogonal" renderorder="right-down" compressionlevel="0" width="7" height="26" tilewidth="8" tileheight="8" infinite="0" nextlayerid="2" nextobjectid="1">
 <editorsettings>
  <export format="tmx"/>
 </editorsettings>
 <tileset firstgid="1" source="../Tiles.tsx"/>
 <layer id="1" name="Tile Layer 1" width="7" height="26" opacity="0.98">
  <data>
   <tile gid="1863"/>
   <tile gid="968"/>
   <tile gid="969"/>
   <tile gid="970"/>
   <tile gid="971"/>
   <tile gid="972"/>
   <tile gid="1869"/>
   <tile gid="1735"/>
   <tile gid="1096"/>
   <tile gid="1097"/>
   <tile gid="1098"/>
   <tile gid="1099"/>
   <tile gid="1100"/>
   <tile gid="1741"/>
   <tile gid="1863"/>
   <tile gid="1224"/>
   <tile gid="1225"/>
   <tile gid="1226"/>
   <tile gid="1227"/>
   <tile gid="1228"/>
   <tile gid="1869"/>
   <tile gid="1991"/>
   <tile gid="1992"/>
   <tile gid="1993"/>
   <tile gid="1994"/>
   <tile gid="1995"/>
   <tile gid="1996"/>
   <tile gid="1997"/>
   <tile gid="1735"/>
   <tile gid="1224"/>
   <tile gid="1225"/>
   <tile gid="1226"/>
   <tile gid="1227"/>
   <tile gid="1228"/>
   <tile gid="1741"/>
   <tile gid="1863"/>
   <tile gid="1864"/>
   <tile gid="1865"/>
   <tile gid="1866"/>
   <tile gid="1867"/>
   <tile gid="1868"/>
   <tile gid="1869"/>
   <tile gid="1735"/>
   <tile gid="1224"/>
   <tile gid="1225"/>
   <tile gid="1226"/>
   <tile gid="1227"/>
   <tile gid="1228"/>
   <tile gid="1741"/>
   <tile gid="1863"/>
   <tile gid="1864"/>
   <tile gid="1865"/>
   <tile gid="1866"/>
   <tile gid="1867"/>
   <tile gid="1868"/>
   <tile gid="1869"/>
   <tile gid="1991"/>
   <tile gid="1992"/>
   <tile gid="1993"/>
   <tile gid="1994"/>
   <tile gid="1995"/>
   <tile gid="1996"/>
   <tile gid="1997"/>
   <tile gid="1735"/>
   <tile gid="1224"/>
   <tile gid="1225"/>
   <tile gid="1226"/>
   <tile gid="1227"/>
   <tile gid="1228"/>
   <tile gid="1741"/>
   <tile gid="1863"/>
   <tile gid="1864"/>
   <tile gid="1865"/>
   <tile gid="1866"/>
   <tile gid="1867"/>
   <tile gid="1868"/>
   <tile gid="1869"/>
   <tile gid="1991"/>
   <tile gid="1992"/>
   <tile gid="1993"/>
   <tile gid="1994"/>
   <tile gid="1995"/>
   <tile gid="1996"/>
   <tile gid="1997"/>
   <tile gid="1735"/>
   <tile gid="1224"/>
   <tile gid="1225"/>
   <tile gid="1226"/>
   <tile gid="1227"/>
   <tile gid="1228"/>
   <tile gid="1741"/>
   <tile gid="1863"/>
   <tile gid="1864"/>
   <tile gid="1865"/>
   <tile gid="1866"/>
   <tile gid="1867"/>
   <tile gid="1868"/>
   <tile gid="1869"/>
   <tile gid="1735"/>
   <tile gid="1224"/>
   <tile gid="1225"/>
   <tile gid="1226"/>
   <tile gid="1227"/>
   <tile gid="1228"/>
   <tile gid="1741"/>
   <tile gid="1863"/>
   <tile gid="1864"/>
   <tile gid="1865"/>
   <tile gid="1866"/>
   <tile gid="1867"/>
   <tile gid="1868"/>
   <tile gid="1869"/>
   <tile gid="1991"/>
   <tile gid="1992"/>
   <tile gid="1993"/>
   <tile gid="1994"/>
   <tile gid="1995"/>
   <tile gid="1996"/>
   <tile gid="1997"/>
   <tile gid="2119"/>
   <tile gid="2120"/>
   <tile gid="2121"/>
   <tile gid="2122"/>
   <tile gid="2123"/>
   <tile gid="2124"/>
   <tile gid="2125"/>
   <tile gid="2247"/>
   <tile gid="2248"/>
   <tile gid="2249"/>
   <tile gid="2250"/>
   <tile gid="2251"/>
   <tile gid="2252"/>
   <tile gid="2253"/>
   <tile gid="2375"/>
   <tile gid="2376"/>
   <tile gid="2377"/>
   <tile gid="2378"/>
   <tile gid="2379"/>
   <tile gid="2380"/>
   <tile gid="2381"/>
   <tile gid="2247"/>
   <tile gid="2248"/>
   <tile gid="2249"/>
   <tile gid="2250"/>
   <tile gid="2251"/>
   <tile gid="2252"/>
   <tile gid="2253"/>
   <tile gid="2375"/>
   <tile gid="2376"/>
   <tile gid="2377"/>
   <tile gid="2378"/>
   <tile gid="2379"/>
   <tile gid="2380"/>
   <tile gid="2381"/>
   <tile gid="2247"/>
   <tile gid="2248"/>
   <tile gid="2249"/>
   <tile gid="2250"/>
   <tile gid="2251"/>
   <tile gid="2252"/>
   <tile gid="2253"/>
   <tile gid="2375"/>
   <tile gid="2376"/>
   <tile gid="2377"/>
   <tile gid="2378"/>
   <tile gid="2379"/>
   <tile gid="2380"/>
   <tile gid="2381"/>
   <tile gid="2247"/>
   <tile gid="2248"/>
   <tile gid="2249"/>
   <tile gid="2250"/>
   <tile gid="2251"/>
   <tile gid="2252"/>
   <tile gid="2253"/>
   <tile gid="2375"/>
   <tile gid="2376"/>
   <tile gid="2377"/>
   <tile gid="2378"/>
   <tile gid="2379"/>
   <tile gid="2380"/>
   <tile gid="2381"/>
  </data>
 </layer>
</map>
