<?xml version="1.0" encoding="UTF-8"?>
<map version="1.2" tiledversion="1.3.1" orientation="orthogonal" renderorder="right-down" compressionlevel="0" width="13" height="30" tilewidth="8" tileheight="8" infinite="0" nextlayerid="2" nextobjectid="1">
 <editorsettings>
  <export target="palmTree1.xml" format="tmx"/>
 </editorsettings>
 <tileset firstgid="1" source="../Tiles.tsx"/>
 <layer id="1" name="Tile Layer 1" width="13" height="30" opacity="0.98">
  <data>
   <tile gid="78"/>
   <tile gid="79"/>
   <tile gid="80"/>
   <tile gid="81"/>
   <tile gid="82"/>
   <tile gid="83"/>
   <tile gid="84"/>
   <tile gid="85"/>
   <tile gid="86"/>
   <tile gid="87"/>
   <tile gid="88"/>
   <tile gid="89"/>
   <tile gid="90"/>
   <tile gid="206"/>
   <tile gid="207"/>
   <tile gid="208"/>
   <tile gid="209"/>
   <tile gid="210"/>
   <tile gid="211"/>
   <tile gid="212"/>
   <tile gid="213"/>
   <tile gid="214"/>
   <tile gid="215"/>
   <tile gid="216"/>
   <tile gid="217"/>
   <tile gid="218"/>
   <tile gid="334"/>
   <tile gid="335"/>
   <tile gid="336"/>
   <tile gid="337"/>
   <tile gid="338"/>
   <tile gid="339"/>
   <tile gid="340"/>
   <tile gid="341"/>
   <tile gid="342"/>
   <tile gid="343"/>
   <tile gid="344"/>
   <tile gid="345"/>
   <tile gid="346"/>
   <tile gid="462"/>
   <tile gid="463"/>
   <tile gid="464"/>
   <tile gid="465"/>
   <tile gid="466"/>
   <tile gid="467"/>
   <tile gid="468"/>
   <tile gid="469"/>
   <tile gid="470"/>
   <tile gid="471"/>
   <tile gid="472"/>
   <tile gid="473"/>
   <tile gid="474"/>
   <tile gid="590"/>
   <tile gid="591"/>
   <tile gid="592"/>
   <tile gid="593"/>
   <tile gid="594"/>
   <tile gid="595"/>
   <tile gid="596"/>
   <tile gid="597"/>
   <tile gid="598"/>
   <tile gid="599"/>
   <tile gid="600"/>
   <tile gid="601"/>
   <tile gid="602"/>
   <tile gid="718"/>
   <tile gid="719"/>
   <tile gid="720"/>
   <tile gid="721"/>
   <tile gid="722"/>
   <tile gid="723"/>
   <tile gid="724"/>
   <tile gid="725"/>
   <tile gid="726"/>
   <tile gid="727"/>
   <tile gid="728"/>
   <tile gid="729"/>
   <tile gid="730"/>
   <tile gid="846"/>
   <tile gid="847"/>
   <tile gid="848"/>
   <tile gid="849"/>
   <tile gid="850"/>
   <tile gid="851"/>
   <tile gid="852"/>
   <tile gid="853"/>
   <tile gid="854"/>
   <tile gid="855"/>
   <tile gid="856"/>
   <tile gid="857"/>
   <tile gid="1"/>
   <tile gid="974"/>
   <tile gid="975"/>
   <tile gid="976"/>
   <tile gid="977"/>
   <tile gid="978"/>
   <tile gid="979"/>
   <tile gid="980"/>
   <tile gid="981"/>
   <tile gid="982"/>
   <tile gid="983"/>
   <tile gid="984"/>
   <tile gid="985"/>
   <tile gid="1"/>
   <tile gid="1102"/>
   <tile gid="1103"/>
   <tile gid="1104"/>
   <tile gid="1105"/>
   <tile gid="1106"/>
   <tile gid="1107"/>
   <tile gid="1108"/>
   <tile gid="1109"/>
   <tile gid="1110"/>
   <tile gid="1111"/>
   <tile gid="1112"/>
   <tile gid="1"/>
   <tile gid="1"/>
   <tile gid="1230"/>
   <tile gid="1231"/>
   <tile gid="1232"/>
   <tile gid="1233"/>
   <tile gid="1234"/>
   <tile gid="1235"/>
   <tile gid="1236"/>
   <tile gid="1237"/>
   <tile gid="1238"/>
   <tile gid="1239"/>
   <tile gid="1240"/>
   <tile gid="1"/>
   <tile gid="1"/>
   <tile gid="1358"/>
   <tile gid="1359"/>
   <tile gid="1360"/>
   <tile gid="1361"/>
   <tile gid="1362"/>
   <tile gid="1363"/>
   <tile gid="1364"/>
   <tile gid="1365"/>
   <tile gid="1366"/>
   <tile gid="1367"/>
   <tile gid="1368"/>
   <tile gid="1"/>
   <tile gid="1"/>
   <tile gid="1486"/>
   <tile gid="1487"/>
   <tile gid="1488"/>
   <tile gid="1489"/>
   <tile gid="1490"/>
   <tile gid="1491"/>
   <tile gid="1492"/>
   <tile gid="1493"/>
   <tile gid="1494"/>
   <tile gid="1495"/>
   <tile gid="1496"/>
   <tile gid="1497"/>
   <tile gid="1"/>
   <tile gid="1614"/>
   <tile gid="1615"/>
   <tile gid="1616"/>
   <tile gid="1617"/>
   <tile gid="1618"/>
   <tile gid="1619"/>
   <tile gid="1620"/>
   <tile gid="1621"/>
   <tile gid="1622"/>
   <tile gid="1623"/>
   <tile gid="1624"/>
   <tile gid="1625"/>
   <tile gid="1"/>
   <tile gid="1742"/>
   <tile gid="1743"/>
   <tile gid="1616"/>
   <tile gid="1617"/>
   <tile gid="1618"/>
   <tile gid="1"/>
   <tile gid="1620"/>
   <tile gid="1621"/>
   <tile gid="1"/>
   <tile gid="1751"/>
   <tile gid="1752"/>
   <tile gid="1753"/>
   <tile gid="1"/>
   <tile gid="1870"/>
   <tile gid="1871"/>
   <tile gid="1616"/>
   <tile gid="1617"/>
   <tile gid="1618"/>
   <tile gid="1"/>
   <tile gid="1620"/>
   <tile gid="1621"/>
   <tile gid="1"/>
   <tile gid="1879"/>
   <tile gid="1880"/>
   <tile gid="1"/>
   <tile gid="1"/>
   <tile gid="1998"/>
   <tile gid="1999"/>
   <tile gid="1616"/>
   <tile gid="1617"/>
   <tile gid="1618"/>
   <tile gid="1"/>
   <tile gid="1620"/>
   <tile gid="1621"/>
   <tile gid="1"/>
   <tile gid="2007"/>
   <tile gid="2008"/>
   <tile gid="1"/>
   <tile gid="1"/>
   <tile gid="2126"/>
   <tile gid="2127"/>
   <tile gid="1616"/>
   <tile gid="1617"/>
   <tile gid="1618"/>
   <tile gid="1"/>
   <tile gid="1620"/>
   <tile gid="1621"/>
   <tile gid="1"/>
   <tile gid="1"/>
   <tile gid="1"/>
   <tile gid="1"/>
   <tile gid="1"/>
   <tile gid="2254"/>
   <tile gid="2255"/>
   <tile gid="1616"/>
   <tile gid="1617"/>
   <tile gid="1618"/>
   <tile gid="1"/>
   <tile gid="1620"/>
   <tile gid="1621"/>
   <tile gid="1"/>
   <tile gid="1"/>
   <tile gid="1"/>
   <tile gid="1"/>
   <tile gid="1"/>
   <tile gid="2382"/>
   <tile gid="2383"/>
   <tile gid="1744"/>
   <tile gid="1745"/>
   <tile gid="1746"/>
   <tile gid="1747"/>
   <tile gid="1748"/>
   <tile gid="1749"/>
   <tile gid="1750"/>
   <tile gid="1"/>
   <tile gid="1"/>
   <tile gid="1"/>
   <tile gid="1"/>
   <tile/>
   <tile/>
   <tile gid="1872"/>
   <tile gid="1873"/>
   <tile gid="1874"/>
   <tile gid="1875"/>
   <tile gid="1876"/>
   <tile gid="1877"/>
   <tile gid="1878"/>
   <tile/>
   <tile/>
   <tile gid="1"/>
   <tile/>
   <tile/>
   <tile gid="1871"/>
   <tile gid="1"/>
   <tile gid="1873"/>
   <tile gid="1874"/>
   <tile gid="1875"/>
   <tile gid="1876"/>
   <tile gid="1877"/>
   <tile gid="2006"/>
   <tile/>
   <tile gid="1"/>
   <tile gid="1"/>
   <tile/>
   <tile/>
   <tile gid="1871"/>
   <tile gid="1"/>
   <tile gid="1"/>
   <tile gid="1874"/>
   <tile gid="1875"/>
   <tile gid="1876"/>
   <tile gid="1877"/>
   <tile gid="2134"/>
   <tile gid="1"/>
   <tile gid="1"/>
   <tile/>
   <tile/>
   <tile/>
   <tile gid="1871"/>
   <tile gid="1872"/>
   <tile gid="1"/>
   <tile gid="1874"/>
   <tile gid="1875"/>
   <tile gid="1876"/>
   <tile gid="1"/>
   <tile gid="2262"/>
   <tile/>
   <tile/>
   <tile/>
   <tile/>
   <tile/>
   <tile gid="1871"/>
   <tile gid="1872"/>
   <tile gid="1"/>
   <tile gid="1874"/>
   <tile gid="1875"/>
   <tile gid="1876"/>
   <tile gid="1"/>
   <tile gid="1"/>
   <tile/>
   <tile/>
   <tile/>
   <tile/>
   <tile/>
   <tile gid="1871"/>
   <tile gid="1872"/>
   <tile gid="1"/>
   <tile gid="1874"/>
   <tile gid="1875"/>
   <tile gid="1876"/>
   <tile gid="1877"/>
   <tile gid="1"/>
   <tile/>
   <tile/>
   <tile/>
   <tile/>
   <tile/>
   <tile gid="1"/>
   <tile gid="1"/>
   <tile gid="1"/>
   <tile gid="1874"/>
   <tile gid="1875"/>
   <tile gid="1876"/>
   <tile gid="1877"/>
   <tile gid="1"/>
   <tile/>
   <tile/>
   <tile/>
   <tile/>
   <tile/>
   <tile gid="1"/>
   <tile gid="2000"/>
   <tile gid="2001"/>
   <tile gid="2002"/>
   <tile gid="2003"/>
   <tile gid="2004"/>
   <tile gid="2005"/>
   <tile gid="1"/>
   <tile/>
   <tile/>
   <tile/>
   <tile/>
   <tile gid="1"/>
   <tile gid="1"/>
   <tile gid="2128"/>
   <tile gid="2129"/>
   <tile gid="2130"/>
   <tile gid="2131"/>
   <tile gid="2132"/>
   <tile gid="2133"/>
   <tile gid="1"/>
   <tile/>
   <tile/>
   <tile/>
   <tile/>
   <tile gid="1"/>
   <tile gid="2255"/>
   <tile gid="2256"/>
   <tile gid="2257"/>
   <tile gid="2258"/>
   <tile gid="2259"/>
   <tile gid="2260"/>
   <tile gid="2261"/>
   <tile gid="2517"/>
   <tile/>
   <tile/>
   <tile/>
   <tile/>
   <tile gid="1"/>
   <tile gid="2383"/>
   <tile gid="2384"/>
   <tile gid="2385"/>
   <tile gid="2386"/>
   <tile gid="2387"/>
   <tile gid="2388"/>
   <tile gid="2389"/>
   <tile/>
   <tile/>
   <tile/>
   <tile/>
   <tile/>
  </data>
 </layer>
</map>
