<?xml version="1.0" encoding="UTF-8"?>
<map version="1.2" tiledversion="1.3.1" orientation="orthogonal" renderorder="right-down" compressionlevel="0" width="9" height="34" tilewidth="8" tileheight="8" infinite="0" nextlayerid="2" nextobjectid="1">
 <editorsettings>
  <export target="pineTree.xml" format="tmx"/>
 </editorsettings>
 <tileset firstgid="1" source="../Tiles.tsx"/>
 <layer id="1" name="Tile Layer 1" width="9" height="34" opacity="0.98">
  <data>
   <tile gid="172"/>
   <tile gid="173"/>
   <tile gid="174"/>
   <tile gid="175"/>
   <tile gid="176"/>
   <tile gid="177"/>
   <tile gid="178"/>
   <tile gid="179"/>
   <tile gid="180"/>
   <tile gid="300"/>
   <tile gid="301"/>
   <tile gid="302"/>
   <tile gid="303"/>
   <tile gid="304"/>
   <tile gid="305"/>
   <tile gid="306"/>
   <tile gid="307"/>
   <tile gid="308"/>
   <tile gid="428"/>
   <tile gid="429"/>
   <tile gid="430"/>
   <tile gid="431"/>
   <tile gid="432"/>
   <tile gid="433"/>
   <tile gid="434"/>
   <tile gid="435"/>
   <tile gid="436"/>
   <tile gid="556"/>
   <tile gid="557"/>
   <tile gid="558"/>
   <tile gid="559"/>
   <tile gid="560"/>
   <tile gid="561"/>
   <tile gid="562"/>
   <tile gid="563"/>
   <tile gid="564"/>
   <tile gid="684"/>
   <tile gid="685"/>
   <tile gid="686"/>
   <tile gid="687"/>
   <tile gid="688"/>
   <tile gid="689"/>
   <tile gid="690"/>
   <tile gid="691"/>
   <tile gid="692"/>
   <tile gid="812"/>
   <tile gid="813"/>
   <tile gid="814"/>
   <tile gid="815"/>
   <tile gid="816"/>
   <tile gid="817"/>
   <tile gid="818"/>
   <tile gid="819"/>
   <tile gid="820"/>
   <tile gid="940"/>
   <tile gid="941"/>
   <tile gid="942"/>
   <tile gid="943"/>
   <tile gid="944"/>
   <tile gid="945"/>
   <tile gid="946"/>
   <tile gid="947"/>
   <tile gid="948"/>
   <tile gid="1068"/>
   <tile gid="1069"/>
   <tile gid="1070"/>
   <tile gid="1071"/>
   <tile gid="1072"/>
   <tile gid="1073"/>
   <tile gid="1074"/>
   <tile gid="1075"/>
   <tile gid="1076"/>
   <tile gid="1196"/>
   <tile gid="1197"/>
   <tile gid="1198"/>
   <tile gid="1199"/>
   <tile gid="1200"/>
   <tile gid="1201"/>
   <tile gid="1202"/>
   <tile gid="1203"/>
   <tile gid="1204"/>
   <tile gid="1324"/>
   <tile gid="1325"/>
   <tile gid="1326"/>
   <tile gid="1327"/>
   <tile gid="1328"/>
   <tile gid="1329"/>
   <tile gid="1330"/>
   <tile gid="1331"/>
   <tile gid="1332"/>
   <tile gid="1452"/>
   <tile gid="1453"/>
   <tile gid="1454"/>
   <tile gid="1455"/>
   <tile gid="1456"/>
   <tile gid="1457"/>
   <tile gid="1458"/>
   <tile gid="1459"/>
   <tile gid="1460"/>
   <tile gid="1580"/>
   <tile gid="1581"/>
   <tile gid="1582"/>
   <tile gid="1583"/>
   <tile gid="1584"/>
   <tile gid="1585"/>
   <tile gid="1586"/>
   <tile gid="1587"/>
   <tile gid="1588"/>
   <tile gid="1708"/>
   <tile gid="1709"/>
   <tile gid="1710"/>
   <tile gid="1711"/>
   <tile gid="1712"/>
   <tile gid="1713"/>
   <tile gid="1714"/>
   <tile gid="1715"/>
   <tile gid="1716"/>
   <tile gid="1836"/>
   <tile gid="1837"/>
   <tile gid="1838"/>
   <tile gid="1839"/>
   <tile gid="1840"/>
   <tile gid="1841"/>
   <tile gid="1842"/>
   <tile gid="1843"/>
   <tile gid="1844"/>
   <tile gid="1964"/>
   <tile gid="1965"/>
   <tile gid="1966"/>
   <tile gid="1967"/>
   <tile gid="1968"/>
   <tile gid="1969"/>
   <tile gid="1970"/>
   <tile gid="1971"/>
   <tile gid="1972"/>
   <tile gid="2092"/>
   <tile gid="2093"/>
   <tile gid="2094"/>
   <tile gid="2095"/>
   <tile gid="2096"/>
   <tile gid="2097"/>
   <tile gid="2098"/>
   <tile gid="2099"/>
   <tile gid="2100"/>
   <tile gid="2220"/>
   <tile gid="2221"/>
   <tile gid="2222"/>
   <tile gid="2223"/>
   <tile gid="2224"/>
   <tile gid="2225"/>
   <tile gid="2226"/>
   <tile gid="2227"/>
   <tile gid="2228"/>
   <tile gid="2348"/>
   <tile gid="2349"/>
   <tile gid="2350"/>
   <tile gid="2351"/>
   <tile gid="2352"/>
   <tile gid="2353"/>
   <tile gid="2354"/>
   <tile gid="2355"/>
   <tile gid="2356"/>
   <tile/>
   <tile/>
   <tile/>
   <tile gid="2351"/>
   <tile gid="2352"/>
   <tile/>
   <tile/>
   <tile/>
   <tile/>
   <tile/>
   <tile/>
   <tile/>
   <tile gid="2351"/>
   <tile gid="2352"/>
   <tile/>
   <tile/>
   <tile/>
   <tile/>
   <tile/>
   <tile/>
   <tile/>
   <tile gid="2351"/>
   <tile gid="2352"/>
   <tile/>
   <tile/>
   <tile/>
   <tile/>
   <tile/>
   <tile/>
   <tile/>
   <tile gid="2351"/>
   <tile gid="2352"/>
   <tile/>
   <tile/>
   <tile/>
   <tile/>
   <tile/>
   <tile/>
   <tile/>
   <tile gid="2351"/>
   <tile gid="2352"/>
   <tile/>
   <tile/>
   <tile/>
   <tile/>
   <tile/>
   <tile/>
   <tile/>
   <tile gid="2351"/>
   <tile gid="2352"/>
   <tile/>
   <tile/>
   <tile/>
   <tile/>
   <tile/>
   <tile/>
   <tile/>
   <tile gid="2351"/>
   <tile gid="2352"/>
   <tile/>
   <tile/>
   <tile/>
   <tile/>
   <tile/>
   <tile/>
   <tile/>
   <tile gid="2351"/>
   <tile gid="2352"/>
   <tile/>
   <tile/>
   <tile/>
   <tile/>
   <tile/>
   <tile/>
   <tile/>
   <tile gid="2351"/>
   <tile gid="2352"/>
   <tile/>
   <tile/>
   <tile/>
   <tile/>
   <tile/>
   <tile/>
   <tile/>
   <tile gid="2351"/>
   <tile gid="2352"/>
   <tile/>
   <tile/>
   <tile/>
   <tile/>
   <tile/>
   <tile/>
   <tile/>
   <tile gid="2351"/>
   <tile gid="2352"/>
   <tile/>
   <tile/>
   <tile/>
   <tile/>
   <tile/>
   <tile/>
   <tile/>
   <tile gid="2351"/>
   <tile gid="2352"/>
   <tile/>
   <tile/>
   <tile/>
   <tile/>
   <tile/>
   <tile/>
   <tile/>
   <tile gid="2351"/>
   <tile gid="2352"/>
   <tile/>
   <tile/>
   <tile/>
   <tile/>
   <tile/>
   <tile/>
   <tile/>
   <tile gid="2351"/>
   <tile gid="2352"/>
   <tile/>
   <tile/>
   <tile/>
   <tile/>
   <tile/>
   <tile/>
   <tile/>
   <tile gid="2351"/>
   <tile gid="2352"/>
   <tile/>
   <tile/>
   <tile/>
   <tile/>
   <tile/>
   <tile/>
   <tile/>
   <tile gid="2351"/>
   <tile gid="2352"/>
   <tile/>
   <tile/>
   <tile/>
   <tile/>
  </data>
 </layer>
</map>
