<?xml version="1.0" encoding="UTF-8"?>
<map version="1.2" tiledversion="1.3.1" orientation="orthogonal" renderorder="right-down" compressionlevel="0" width="12" height="20" tilewidth="8" tileheight="8" infinite="0" nextlayerid="2" nextobjectid="1">
 <editorsettings>
  <export target="rock1.xml" format="tmx"/>
 </editorsettings>
 <tileset firstgid="1" source="../Tiles.tsx"/>
 <layer id="1" name="Tile Layer 1" width="12" height="20" opacity="0.98">
  <data>
   <tile gid="3073"/>
   <tile gid="3074"/>
   <tile gid="3075"/>
   <tile gid="3076"/>
   <tile gid="3077"/>
   <tile gid="3078"/>
   <tile gid="3079"/>
   <tile gid="3080"/>
   <tile gid="3081"/>
   <tile gid="3082"/>
   <tile gid="3083"/>
   <tile gid="3084"/>
   <tile gid="3330"/>
   <tile gid="3338"/>
   <tile gid="3203"/>
   <tile gid="3204"/>
   <tile gid="3205"/>
   <tile gid="3206"/>
   <tile gid="3207"/>
   <tile gid="3208"/>
   <tile gid="3209"/>
   <tile gid="4105"/>
   <tile gid="3465"/>
   <tile gid="3339"/>
   <tile gid="3330"/>
   <tile gid="3466"/>
   <tile gid="3331"/>
   <tile gid="3332"/>
   <tile gid="3333"/>
   <tile gid="3334"/>
   <tile gid="3335"/>
   <tile gid="3336"/>
   <tile gid="3337"/>
   <tile gid="3338"/>
   <tile gid="3593"/>
   <tile gid="3467"/>
   <tile gid="3458"/>
   <tile gid="3594"/>
   <tile gid="3459"/>
   <tile gid="3460"/>
   <tile gid="3461"/>
   <tile gid="3462"/>
   <tile gid="3463"/>
   <tile gid="3464"/>
   <tile gid="3465"/>
   <tile gid="3466"/>
   <tile gid="3331"/>
   <tile gid="3595"/>
   <tile gid="3586"/>
   <tile gid="3722"/>
   <tile gid="3587"/>
   <tile gid="3588"/>
   <tile gid="3589"/>
   <tile gid="3590"/>
   <tile gid="3591"/>
   <tile gid="3592"/>
   <tile gid="3593"/>
   <tile gid="3594"/>
   <tile gid="3459"/>
   <tile gid="3723"/>
   <tile gid="3330"/>
   <tile gid="3850"/>
   <tile gid="3715"/>
   <tile gid="3716"/>
   <tile gid="3717"/>
   <tile gid="3718"/>
   <tile gid="3719"/>
   <tile gid="3720"/>
   <tile gid="3721"/>
   <tile gid="3722"/>
   <tile gid="3587"/>
   <tile gid="3339"/>
   <tile gid="3458"/>
   <tile gid="3978"/>
   <tile gid="3843"/>
   <tile gid="3844"/>
   <tile gid="3845"/>
   <tile gid="3846"/>
   <tile gid="3847"/>
   <tile gid="3848"/>
   <tile gid="3849"/>
   <tile gid="3850"/>
   <tile gid="3715"/>
   <tile gid="3467"/>
   <tile gid="3586"/>
   <tile gid="4106"/>
   <tile gid="3971"/>
   <tile gid="3972"/>
   <tile gid="3973"/>
   <tile gid="3974"/>
   <tile gid="3975"/>
   <tile gid="3976"/>
   <tile gid="3977"/>
   <tile gid="3978"/>
   <tile gid="3843"/>
   <tile gid="3595"/>
   <tile gid="3714"/>
   <tile gid="4234"/>
   <tile gid="4099"/>
   <tile gid="4100"/>
   <tile gid="4101"/>
   <tile gid="4102"/>
   <tile gid="4103"/>
   <tile gid="4104"/>
   <tile gid="4105"/>
   <tile gid="4106"/>
   <tile gid="3971"/>
   <tile gid="3723"/>
   <tile gid="3842"/>
   <tile gid="4362"/>
   <tile gid="4227"/>
   <tile gid="4228"/>
   <tile gid="4229"/>
   <tile gid="4230"/>
   <tile gid="4231"/>
   <tile gid="4232"/>
   <tile gid="4233"/>
   <tile gid="4234"/>
   <tile gid="4099"/>
   <tile gid="3339"/>
   <tile gid="3970"/>
   <tile gid="4490"/>
   <tile gid="4355"/>
   <tile gid="4356"/>
   <tile gid="4357"/>
   <tile gid="4358"/>
   <tile gid="4359"/>
   <tile gid="4360"/>
   <tile gid="4361"/>
   <tile gid="4362"/>
   <tile gid="4227"/>
   <tile gid="3467"/>
   <tile gid="3330"/>
   <tile gid="4618"/>
   <tile gid="4483"/>
   <tile gid="4484"/>
   <tile gid="4485"/>
   <tile gid="4486"/>
   <tile gid="4487"/>
   <tile gid="4488"/>
   <tile gid="4489"/>
   <tile gid="4490"/>
   <tile gid="4355"/>
   <tile gid="3595"/>
   <tile gid="3458"/>
   <tile gid="4746"/>
   <tile gid="4611"/>
   <tile gid="4612"/>
   <tile gid="4613"/>
   <tile gid="4614"/>
   <tile gid="4615"/>
   <tile gid="4616"/>
   <tile gid="4617"/>
   <tile gid="4618"/>
   <tile gid="4483"/>
   <tile gid="3723"/>
   <tile gid="3586"/>
   <tile gid="4874"/>
   <tile gid="4739"/>
   <tile gid="4740"/>
   <tile gid="4741"/>
   <tile gid="4742"/>
   <tile gid="4743"/>
   <tile gid="4744"/>
   <tile gid="4745"/>
   <tile gid="4746"/>
   <tile gid="4611"/>
   <tile gid="3339"/>
   <tile gid="3714"/>
   <tile gid="5002"/>
   <tile gid="4867"/>
   <tile gid="4868"/>
   <tile gid="4869"/>
   <tile gid="4870"/>
   <tile gid="4871"/>
   <tile gid="4872"/>
   <tile gid="4873"/>
   <tile gid="4874"/>
   <tile gid="4739"/>
   <tile gid="3467"/>
   <tile gid="3842"/>
   <tile gid="5130"/>
   <tile gid="4995"/>
   <tile gid="4996"/>
   <tile gid="4997"/>
   <tile gid="4998"/>
   <tile gid="4999"/>
   <tile gid="5000"/>
   <tile gid="5001"/>
   <tile gid="5002"/>
   <tile gid="4867"/>
   <tile gid="3595"/>
   <tile gid="3970"/>
   <tile gid="3210"/>
   <tile gid="5123"/>
   <tile gid="5124"/>
   <tile gid="5125"/>
   <tile gid="5126"/>
   <tile gid="5127"/>
   <tile gid="5128"/>
   <tile gid="5129"/>
   <tile gid="5130"/>
   <tile gid="4995"/>
   <tile gid="3723"/>
   <tile gid="3714"/>
   <tile gid="3338"/>
   <tile gid="3203"/>
   <tile gid="3204"/>
   <tile gid="3205"/>
   <tile gid="3206"/>
   <tile gid="3207"/>
   <tile gid="3208"/>
   <tile gid="3209"/>
   <tile gid="3210"/>
   <tile gid="5123"/>
   <tile gid="3851"/>
   <tile gid="3842"/>
   <tile gid="3466"/>
   <tile gid="3331"/>
   <tile gid="3332"/>
   <tile gid="3333"/>
   <tile gid="3334"/>
   <tile gid="3335"/>
   <tile gid="3336"/>
   <tile gid="3337"/>
   <tile gid="3338"/>
   <tile gid="3203"/>
   <tile gid="3979"/>
   <tile gid="3970"/>
   <tile gid="5127"/>
   <tile gid="3459"/>
   <tile gid="3460"/>
   <tile gid="3461"/>
   <tile gid="3462"/>
   <tile gid="3463"/>
   <tile gid="3464"/>
   <tile gid="3465"/>
   <tile gid="3466"/>
   <tile gid="3331"/>
   <tile gid="3979"/>
  </data>
 </layer>
</map>
