<?xml version="1.0" encoding="UTF-8"?>
<map version="1.2" tiledversion="1.3.1" orientation="orthogonal" renderorder="right-down" compressionlevel="0" width="12" height="19" tilewidth="8" tileheight="8" infinite="0" nextlayerid="2" nextobjectid="1">
 <editorsettings>
  <export target="rockPile.xml" format="tmx"/>
 </editorsettings>
 <tileset firstgid="1" source="../Tiles.tsx"/>
 <layer id="1" name="Tile Layer 1" width="12" height="19" opacity="0.98">
  <data>
   <tile gid="1247"/>
   <tile gid="1248"/>
   <tile gid="1249"/>
   <tile gid="1250"/>
   <tile gid="1251"/>
   <tile gid="1252"/>
   <tile gid="1253"/>
   <tile gid="1254"/>
   <tile gid="1255"/>
   <tile gid="1256"/>
   <tile gid="1257"/>
   <tile gid="1258"/>
   <tile gid="1375"/>
   <tile gid="1376"/>
   <tile gid="1377"/>
   <tile gid="1378"/>
   <tile gid="1379"/>
   <tile gid="1380"/>
   <tile gid="1381"/>
   <tile gid="1382"/>
   <tile gid="1383"/>
   <tile gid="1384"/>
   <tile gid="1385"/>
   <tile gid="1386"/>
   <tile gid="1503"/>
   <tile gid="1504"/>
   <tile gid="1505"/>
   <tile gid="1506"/>
   <tile gid="1507"/>
   <tile gid="1508"/>
   <tile gid="1509"/>
   <tile gid="1510"/>
   <tile gid="1511"/>
   <tile gid="1512"/>
   <tile gid="1513"/>
   <tile gid="1514"/>
   <tile gid="1631"/>
   <tile gid="1632"/>
   <tile gid="1633"/>
   <tile gid="1634"/>
   <tile gid="1635"/>
   <tile gid="1636"/>
   <tile gid="1637"/>
   <tile gid="1638"/>
   <tile gid="1639"/>
   <tile gid="1640"/>
   <tile gid="1641"/>
   <tile gid="1642"/>
   <tile gid="1759"/>
   <tile gid="1760"/>
   <tile gid="1761"/>
   <tile gid="1762"/>
   <tile gid="1763"/>
   <tile gid="1764"/>
   <tile gid="1765"/>
   <tile gid="1766"/>
   <tile gid="1767"/>
   <tile gid="1768"/>
   <tile gid="1769"/>
   <tile gid="1770"/>
   <tile gid="1887"/>
   <tile gid="1888"/>
   <tile gid="1889"/>
   <tile gid="1890"/>
   <tile gid="1891"/>
   <tile gid="1892"/>
   <tile gid="1893"/>
   <tile gid="1894"/>
   <tile gid="1895"/>
   <tile gid="1896"/>
   <tile gid="1897"/>
   <tile gid="1898"/>
   <tile gid="2015"/>
   <tile gid="2016"/>
   <tile gid="2017"/>
   <tile gid="2018"/>
   <tile gid="2019"/>
   <tile gid="2020"/>
   <tile gid="2021"/>
   <tile gid="2022"/>
   <tile gid="2023"/>
   <tile gid="2024"/>
   <tile gid="2025"/>
   <tile gid="2026"/>
   <tile gid="2143"/>
   <tile gid="2144"/>
   <tile gid="2145"/>
   <tile gid="2146"/>
   <tile gid="2147"/>
   <tile gid="2148"/>
   <tile gid="2149"/>
   <tile gid="2150"/>
   <tile gid="2151"/>
   <tile gid="2152"/>
   <tile gid="2153"/>
   <tile gid="2154"/>
   <tile gid="2271"/>
   <tile gid="2272"/>
   <tile gid="2273"/>
   <tile gid="2274"/>
   <tile gid="2275"/>
   <tile gid="2276"/>
   <tile gid="2277"/>
   <tile gid="2278"/>
   <tile gid="2279"/>
   <tile gid="2280"/>
   <tile gid="2281"/>
   <tile gid="2282"/>
   <tile gid="2399"/>
   <tile gid="2400"/>
   <tile gid="2401"/>
   <tile gid="2402"/>
   <tile gid="2403"/>
   <tile gid="2404"/>
   <tile gid="2405"/>
   <tile gid="2406"/>
   <tile gid="2407"/>
   <tile gid="2408"/>
   <tile gid="2409"/>
   <tile gid="2410"/>
   <tile gid="2527"/>
   <tile gid="2528"/>
   <tile gid="2529"/>
   <tile gid="2530"/>
   <tile gid="2531"/>
   <tile gid="2532"/>
   <tile gid="2533"/>
   <tile gid="2534"/>
   <tile gid="2535"/>
   <tile gid="2536"/>
   <tile gid="2537"/>
   <tile gid="2538"/>
   <tile gid="2271"/>
   <tile gid="2272"/>
   <tile gid="2273"/>
   <tile gid="2274"/>
   <tile gid="2275"/>
   <tile gid="2276"/>
   <tile gid="2277"/>
   <tile gid="2278"/>
   <tile gid="2279"/>
   <tile gid="2280"/>
   <tile gid="2281"/>
   <tile gid="2282"/>
   <tile gid="2399"/>
   <tile gid="2400"/>
   <tile gid="2401"/>
   <tile gid="2402"/>
   <tile gid="2403"/>
   <tile gid="2404"/>
   <tile gid="2405"/>
   <tile gid="2406"/>
   <tile gid="2407"/>
   <tile gid="2408"/>
   <tile gid="2409"/>
   <tile gid="2410"/>
   <tile gid="2527"/>
   <tile gid="2528"/>
   <tile gid="2529"/>
   <tile gid="2530"/>
   <tile gid="2531"/>
   <tile gid="2532"/>
   <tile gid="2533"/>
   <tile gid="2534"/>
   <tile gid="2535"/>
   <tile gid="2536"/>
   <tile gid="2537"/>
   <tile gid="2538"/>
   <tile gid="2271"/>
   <tile gid="2272"/>
   <tile gid="2273"/>
   <tile gid="2274"/>
   <tile gid="2275"/>
   <tile gid="2276"/>
   <tile gid="2277"/>
   <tile gid="2278"/>
   <tile gid="2279"/>
   <tile gid="2280"/>
   <tile gid="2281"/>
   <tile gid="2282"/>
   <tile gid="2399"/>
   <tile gid="2400"/>
   <tile gid="2401"/>
   <tile gid="2402"/>
   <tile gid="2403"/>
   <tile gid="2404"/>
   <tile gid="2405"/>
   <tile gid="2406"/>
   <tile gid="2407"/>
   <tile gid="2408"/>
   <tile gid="2409"/>
   <tile gid="2410"/>
   <tile gid="2527"/>
   <tile gid="2528"/>
   <tile gid="2529"/>
   <tile gid="2530"/>
   <tile gid="2531"/>
   <tile gid="2532"/>
   <tile gid="2533"/>
   <tile gid="2534"/>
   <tile gid="2535"/>
   <tile gid="2536"/>
   <tile gid="2537"/>
   <tile gid="2538"/>
   <tile gid="2271"/>
   <tile gid="2272"/>
   <tile gid="2273"/>
   <tile gid="2274"/>
   <tile gid="2275"/>
   <tile gid="2276"/>
   <tile gid="2277"/>
   <tile gid="2278"/>
   <tile gid="2279"/>
   <tile gid="2280"/>
   <tile gid="2281"/>
   <tile gid="2282"/>
   <tile gid="2399"/>
   <tile gid="2400"/>
   <tile gid="2401"/>
   <tile gid="2402"/>
   <tile gid="2403"/>
   <tile gid="2404"/>
   <tile gid="2405"/>
   <tile gid="2406"/>
   <tile gid="2407"/>
   <tile gid="2408"/>
   <tile gid="2409"/>
   <tile gid="2410"/>
  </data>
 </layer>
</map>
