<?xml version="1.0" encoding="UTF-8"?>
<map version="1.2" tiledversion="1.3.0" orientation="orthogonal" renderorder="right-down" compressionlevel="0" width="6" height="14" tilewidth="8" tileheight="8" infinite="0" nextlayerid="2" nextobjectid="1">
 <editorsettings>
  <export target="sentry.xml" format="tmx"/>
 </editorsettings>
 <tileset firstgid="1" source="Tiles.tsx"/>
 <layer id="1" name="Tile Layer 1" width="6" height="14">
  <data>
   <tile gid="128"/>
   <tile gid="897"/>
   <tile gid="400"/>
   <tile gid="401"/>
   <tile gid="897"/>
   <tile gid="128"/>
   <tile gid="128"/>
   <tile gid="128"/>
   <tile gid="280"/>
   <tile gid="281"/>
   <tile gid="128"/>
   <tile gid="128"/>
   <tile gid="128"/>
   <tile gid="128"/>
   <tile gid="274"/>
   <tile gid="275"/>
   <tile gid="128"/>
   <tile gid="128"/>
   <tile gid="128"/>
   <tile gid="24"/>
   <tile gid="402"/>
   <tile gid="403"/>
   <tile gid="25"/>
   <tile gid="128"/>
   <tile gid="24"/>
   <tile gid="147"/>
   <tile gid="128"/>
   <tile gid="128"/>
   <tile gid="150"/>
   <tile gid="25"/>
   <tile gid="897"/>
   <tile gid="147"/>
   <tile gid="128"/>
   <tile gid="128"/>
   <tile gid="150"/>
   <tile gid="897"/>
   <tile gid="128"/>
   <tile gid="147"/>
   <tile gid="128"/>
   <tile gid="128"/>
   <tile gid="150"/>
   <tile gid="128"/>
   <tile gid="128"/>
   <tile gid="147"/>
   <tile gid="128"/>
   <tile gid="128"/>
   <tile gid="150"/>
   <tile gid="128"/>
   <tile gid="897"/>
   <tile gid="147"/>
   <tile gid="128"/>
   <tile gid="128"/>
   <tile gid="150"/>
   <tile gid="897"/>
   <tile gid="403"/>
   <tile gid="147"/>
   <tile gid="128"/>
   <tile gid="128"/>
   <tile gid="150"/>
   <tile gid="402"/>
   <tile gid="280"/>
   <tile gid="19"/>
   <tile gid="128"/>
   <tile gid="128"/>
   <tile gid="22"/>
   <tile gid="281"/>
   <tile gid="272"/>
   <tile gid="273"/>
   <tile gid="272"/>
   <tile gid="273"/>
   <tile gid="272"/>
   <tile gid="273"/>
   <tile gid="12"/>
   <tile gid="14"/>
   <tile gid="13"/>
   <tile gid="14"/>
   <tile gid="13"/>
   <tile gid="15"/>
   <tile gid="140"/>
   <tile gid="142"/>
   <tile gid="141"/>
   <tile gid="142"/>
   <tile gid="141"/>
   <tile gid="143"/>
  </data>
 </layer>
</map>
