<?xml version="1.0" encoding="UTF-8"?>
<map version="1.2" tiledversion="1.3.1" orientation="orthogonal" renderorder="right-down" compressionlevel="0" width="6" height="10" tilewidth="8" tileheight="8" infinite="0" nextlayerid="2" nextobjectid="1">
 <editorsettings>
  <export target="shrub3.xml" format="tmx"/>
 </editorsettings>
 <tileset firstgid="1" source="../Tiles.tsx"/>
 <layer id="1" name="Tile Layer 1" width="6" height="10" opacity="0.98">
  <data>
   <tile gid="2079"/>
   <tile gid="2080"/>
   <tile gid="2081"/>
   <tile gid="2082"/>
   <tile gid="2083"/>
   <tile gid="2084"/>
   <tile gid="2207"/>
   <tile gid="2208"/>
   <tile gid="2209"/>
   <tile gid="2210"/>
   <tile gid="2211"/>
   <tile gid="2212"/>
   <tile gid="2335"/>
   <tile gid="2336"/>
   <tile gid="2337"/>
   <tile gid="2338"/>
   <tile gid="2339"/>
   <tile gid="2340"/>
   <tile gid="2463"/>
   <tile gid="2464"/>
   <tile gid="2465"/>
   <tile gid="2466"/>
   <tile gid="2467"/>
   <tile gid="2468"/>
   <tile gid="2591"/>
   <tile gid="2592"/>
   <tile gid="2593"/>
   <tile gid="2594"/>
   <tile gid="2595"/>
   <tile gid="2596"/>
   <tile gid="2719"/>
   <tile gid="2720"/>
   <tile gid="2721"/>
   <tile gid="2722"/>
   <tile gid="2723"/>
   <tile gid="2724"/>
   <tile gid="2847"/>
   <tile gid="2848"/>
   <tile gid="2849"/>
   <tile gid="2850"/>
   <tile gid="2851"/>
   <tile gid="2852"/>
   <tile gid="2975"/>
   <tile gid="2976"/>
   <tile gid="2977"/>
   <tile gid="2978"/>
   <tile gid="2979"/>
   <tile gid="2980"/>
   <tile gid="2975"/>
   <tile gid="2976"/>
   <tile gid="2977"/>
   <tile gid="2978"/>
   <tile gid="2979"/>
   <tile gid="2980"/>
   <tile gid="2975"/>
   <tile gid="2976"/>
   <tile gid="2977"/>
   <tile gid="2978"/>
   <tile gid="2979"/>
   <tile gid="2980"/>
  </data>
 </layer>
</map>
