<?xml version="1.0" encoding="UTF-8"?>
<map version="1.2" tiledversion="1.3.1" orientation="orthogonal" renderorder="right-down" compressionlevel="0" width="6" height="10" tilewidth="8" tileheight="8" infinite="0" nextlayerid="2" nextobjectid="1">
 <editorsettings>
  <export target="shrub2.xml" format="tmx"/>
 </editorsettings>
 <tileset firstgid="1" source="../Tiles.tsx"/>
 <layer id="1" name="Tile Layer 1" width="6" height="10" opacity="0.98">
  <data>
   <tile gid="2073"/>
   <tile gid="2074"/>
   <tile gid="2075"/>
   <tile gid="2076"/>
   <tile gid="2077"/>
   <tile gid="2078"/>
   <tile gid="2201"/>
   <tile gid="2202"/>
   <tile gid="2203"/>
   <tile gid="2204"/>
   <tile gid="2205"/>
   <tile gid="2206"/>
   <tile gid="2329"/>
   <tile gid="2330"/>
   <tile gid="2331"/>
   <tile gid="2332"/>
   <tile gid="2333"/>
   <tile gid="2334"/>
   <tile gid="2457"/>
   <tile gid="2458"/>
   <tile gid="2459"/>
   <tile gid="2460"/>
   <tile gid="2461"/>
   <tile gid="2462"/>
   <tile gid="2585"/>
   <tile gid="2586"/>
   <tile gid="2587"/>
   <tile gid="2588"/>
   <tile gid="2589"/>
   <tile gid="2590"/>
   <tile gid="2713"/>
   <tile gid="2714"/>
   <tile gid="2715"/>
   <tile gid="2716"/>
   <tile gid="2717"/>
   <tile gid="2718"/>
   <tile gid="2841"/>
   <tile gid="2842"/>
   <tile gid="2843"/>
   <tile gid="2844"/>
   <tile gid="2845"/>
   <tile gid="2846"/>
   <tile gid="2969"/>
   <tile gid="2970"/>
   <tile gid="2971"/>
   <tile gid="2972"/>
   <tile gid="2973"/>
   <tile gid="2974"/>
   <tile gid="2969"/>
   <tile gid="2970"/>
   <tile gid="2971"/>
   <tile gid="2972"/>
   <tile gid="2973"/>
   <tile gid="2974"/>
   <tile gid="2969"/>
   <tile gid="2970"/>
   <tile gid="2971"/>
   <tile gid="2972"/>
   <tile gid="2973"/>
   <tile gid="2974"/>
  </data>
 </layer>
</map>
