<?xml version="1.0" encoding="UTF-8"?>
<map version="1.2" tiledversion="1.3.1" orientation="orthogonal" renderorder="right-down" compressionlevel="0" width="10" height="17" tilewidth="8" tileheight="8" infinite="0" nextlayerid="2" nextobjectid="1">
 <editorsettings>
  <export target="silo.xml" format="tmx"/>
 </editorsettings>
 <tileset firstgid="1" source="../Tiles.tsx"/>
 <layer id="1" name="Tile Layer 1" width="10" height="17" opacity="0.98">
  <data>
   <tile gid="128"/>
   <tile gid="128"/>
   <tile gid="128"/>
   <tile gid="128"/>
   <tile gid="24"/>
   <tile gid="25"/>
   <tile gid="128"/>
   <tile gid="128"/>
   <tile gid="128"/>
   <tile gid="128"/>
   <tile gid="24"/>
   <tile gid="25"/>
   <tile gid="128"/>
   <tile gid="128"/>
   <tile gid="411"/>
   <tile gid="412"/>
   <tile gid="128"/>
   <tile gid="128"/>
   <tile gid="24"/>
   <tile gid="25"/>
   <tile gid="668"/>
   <tile gid="797"/>
   <tile gid="798"/>
   <tile gid="795"/>
   <tile gid="796"/>
   <tile gid="797"/>
   <tile gid="798"/>
   <tile gid="795"/>
   <tile gid="796"/>
   <tile gid="669"/>
   <tile gid="668"/>
   <tile gid="925"/>
   <tile gid="926"/>
   <tile gid="923"/>
   <tile gid="924"/>
   <tile gid="925"/>
   <tile gid="926"/>
   <tile gid="923"/>
   <tile gid="924"/>
   <tile gid="669"/>
   <tile gid="36"/>
   <tile gid="37"/>
   <tile gid="128"/>
   <tile gid="128"/>
   <tile gid="668"/>
   <tile gid="669"/>
   <tile gid="128"/>
   <tile gid="128"/>
   <tile gid="36"/>
   <tile gid="37"/>
   <tile gid="128"/>
   <tile gid="24"/>
   <tile gid="25"/>
   <tile gid="128"/>
   <tile gid="411"/>
   <tile gid="412"/>
   <tile gid="128"/>
   <tile gid="24"/>
   <tile gid="25"/>
   <tile gid="128"/>
   <tile gid="128"/>
   <tile gid="668"/>
   <tile gid="797"/>
   <tile gid="798"/>
   <tile gid="796"/>
   <tile gid="797"/>
   <tile gid="795"/>
   <tile gid="796"/>
   <tile gid="669"/>
   <tile gid="128"/>
   <tile gid="128"/>
   <tile gid="668"/>
   <tile gid="925"/>
   <tile gid="926"/>
   <tile gid="924"/>
   <tile gid="925"/>
   <tile gid="923"/>
   <tile gid="924"/>
   <tile gid="669"/>
   <tile gid="128"/>
   <tile gid="128"/>
   <tile gid="36"/>
   <tile gid="37"/>
   <tile gid="128"/>
   <tile gid="668"/>
   <tile gid="669"/>
   <tile gid="128"/>
   <tile gid="36"/>
   <tile gid="37"/>
   <tile gid="128"/>
   <tile gid="24"/>
   <tile gid="25"/>
   <tile gid="128"/>
   <tile gid="128"/>
   <tile gid="411"/>
   <tile gid="412"/>
   <tile gid="128"/>
   <tile gid="128"/>
   <tile gid="24"/>
   <tile gid="25"/>
   <tile gid="668"/>
   <tile gid="797"/>
   <tile gid="798"/>
   <tile gid="795"/>
   <tile gid="160"/>
   <tile gid="161"/>
   <tile gid="798"/>
   <tile gid="795"/>
   <tile gid="796"/>
   <tile gid="669"/>
   <tile gid="668"/>
   <tile gid="925"/>
   <tile gid="926"/>
   <tile gid="923"/>
   <tile gid="288"/>
   <tile gid="289"/>
   <tile gid="926"/>
   <tile gid="923"/>
   <tile gid="924"/>
   <tile gid="669"/>
   <tile gid="36"/>
   <tile gid="37"/>
   <tile gid="28"/>
   <tile gid="161"/>
   <tile gid="668"/>
   <tile gid="669"/>
   <tile gid="160"/>
   <tile gid="29"/>
   <tile gid="36"/>
   <tile gid="37"/>
   <tile gid="24"/>
   <tile gid="161"/>
   <tile gid="288"/>
   <tile gid="289"/>
   <tile gid="411"/>
   <tile gid="412"/>
   <tile gid="288"/>
   <tile gid="289"/>
   <tile gid="288"/>
   <tile gid="25"/>
   <tile gid="272"/>
   <tile gid="273"/>
   <tile gid="272"/>
   <tile gid="273"/>
   <tile gid="272"/>
   <tile gid="273"/>
   <tile gid="272"/>
   <tile gid="273"/>
   <tile gid="272"/>
   <tile gid="273"/>
   <tile gid="12"/>
   <tile gid="13"/>
   <tile gid="14"/>
   <tile gid="13"/>
   <tile gid="14"/>
   <tile gid="13"/>
   <tile gid="14"/>
   <tile gid="13"/>
   <tile gid="14"/>
   <tile gid="15"/>
   <tile gid="140"/>
   <tile gid="141"/>
   <tile gid="142"/>
   <tile gid="141"/>
   <tile gid="142"/>
   <tile gid="141"/>
   <tile gid="142"/>
   <tile gid="141"/>
   <tile gid="142"/>
   <tile gid="143"/>
  </data>
 </layer>
</map>
