<?xml version="1.0" encoding="UTF-8"?>
<map version="1.2" tiledversion="1.3.1" orientation="orthogonal" renderorder="right-down" compressionlevel="0" width="10" height="9" tilewidth="8" tileheight="8" infinite="0" nextlayerid="2" nextobjectid="1">
 <editorsettings>
  <export target="thumper.xml" format="tmx"/>
 </editorsettings>
 <tileset firstgid="1" source="../Tiles.tsx"/>
 <layer id="1" name="Tile Layer 1" width="10" height="9" opacity="0.98">
  <data>
   <tile gid="400"/>
   <tile gid="401"/>
   <tile gid="128"/>
   <tile gid="128"/>
   <tile gid="16"/>
   <tile gid="17"/>
   <tile gid="128"/>
   <tile gid="128"/>
   <tile gid="400"/>
   <tile gid="401"/>
   <tile gid="146"/>
   <tile gid="146"/>
   <tile gid="897"/>
   <tile gid="16"/>
   <tile gid="402"/>
   <tile gid="403"/>
   <tile gid="17"/>
   <tile gid="897"/>
   <tile gid="151"/>
   <tile gid="151"/>
   <tile gid="146"/>
   <tile gid="146"/>
   <tile gid="148"/>
   <tile gid="144"/>
   <tile gid="10"/>
   <tile gid="11"/>
   <tile gid="145"/>
   <tile gid="149"/>
   <tile gid="151"/>
   <tile gid="151"/>
   <tile gid="146"/>
   <tile gid="146"/>
   <tile gid="20"/>
   <tile gid="144"/>
   <tile gid="138"/>
   <tile gid="139"/>
   <tile gid="145"/>
   <tile gid="21"/>
   <tile gid="151"/>
   <tile gid="151"/>
   <tile gid="146"/>
   <tile gid="146"/>
   <tile gid="18"/>
   <tile gid="19"/>
   <tile gid="128"/>
   <tile gid="128"/>
   <tile gid="22"/>
   <tile gid="23"/>
   <tile gid="151"/>
   <tile gid="151"/>
   <tile gid="146"/>
   <tile gid="146"/>
   <tile gid="146"/>
   <tile gid="147"/>
   <tile gid="128"/>
   <tile gid="128"/>
   <tile gid="150"/>
   <tile gid="151"/>
   <tile gid="151"/>
   <tile gid="151"/>
   <tile gid="272"/>
   <tile gid="273"/>
   <tile gid="272"/>
   <tile gid="273"/>
   <tile gid="128"/>
   <tile gid="128"/>
   <tile gid="272"/>
   <tile gid="273"/>
   <tile gid="272"/>
   <tile gid="273"/>
   <tile gid="12"/>
   <tile gid="13"/>
   <tile gid="13"/>
   <tile gid="15"/>
   <tile gid="128"/>
   <tile gid="128"/>
   <tile gid="12"/>
   <tile gid="13"/>
   <tile gid="13"/>
   <tile gid="15"/>
   <tile gid="140"/>
   <tile gid="141"/>
   <tile gid="141"/>
   <tile gid="143"/>
   <tile gid="128"/>
   <tile gid="128"/>
   <tile gid="140"/>
   <tile gid="141"/>
   <tile gid="141"/>
   <tile gid="143"/>
  </data>
 </layer>
</map>
