<?xml version="1.0" encoding="UTF-8"?>
<map version="1.2" tiledversion="1.3.1" orientation="orthogonal" renderorder="right-down" compressionlevel="0" width="1" height="2" tilewidth="8" tileheight="8" infinite="0" nextlayerid="2" nextobjectid="1">
 <editorsettings>
  <export target="torch.xml" format="tmx"/>
 </editorsettings>
 <tileset firstgid="1" source="../Tiles.tsx"/>
 <layer id="1" name="Tile Layer 1" width="1" height="2" opacity="0.98">
  <data>
   <tile gid="530"/>
   <tile gid="658"/>
  </data>
 </layer>
</map>
