<?xml version="1.0" encoding="UTF-8"?>
<map version="1.2" tiledversion="1.3.1" orientation="orthogonal" renderorder="right-down" compressionlevel="0" width="8" height="15" tilewidth="8" tileheight="8" infinite="0" nextlayerid="2" nextobjectid="1">
 <editorsettings>
  <export target="tree1.xml" format="tmx"/>
 </editorsettings>
 <tileset firstgid="1" source="../Tiles.tsx"/>
 <layer id="1" name="Tile Layer 1" width="8" height="15" opacity="0.98">
  <data>
   <tile gid="565"/>
   <tile gid="566"/>
   <tile gid="567"/>
   <tile gid="568"/>
   <tile gid="569"/>
   <tile gid="570"/>
   <tile gid="571"/>
   <tile gid="572"/>
   <tile gid="693"/>
   <tile gid="694"/>
   <tile gid="695"/>
   <tile gid="696"/>
   <tile gid="697"/>
   <tile gid="698"/>
   <tile gid="699"/>
   <tile gid="700"/>
   <tile gid="821"/>
   <tile gid="822"/>
   <tile gid="823"/>
   <tile gid="824"/>
   <tile gid="825"/>
   <tile gid="826"/>
   <tile gid="827"/>
   <tile gid="828"/>
   <tile gid="949"/>
   <tile gid="950"/>
   <tile gid="951"/>
   <tile gid="952"/>
   <tile gid="953"/>
   <tile gid="954"/>
   <tile gid="955"/>
   <tile gid="956"/>
   <tile gid="1077"/>
   <tile gid="1078"/>
   <tile gid="1079"/>
   <tile gid="1080"/>
   <tile gid="1081"/>
   <tile gid="1082"/>
   <tile gid="1083"/>
   <tile gid="1084"/>
   <tile gid="1205"/>
   <tile gid="1206"/>
   <tile gid="1207"/>
   <tile gid="1208"/>
   <tile gid="1209"/>
   <tile gid="1210"/>
   <tile gid="1211"/>
   <tile gid="1212"/>
   <tile gid="1333"/>
   <tile gid="1334"/>
   <tile gid="1335"/>
   <tile gid="1336"/>
   <tile gid="1337"/>
   <tile gid="1338"/>
   <tile gid="1339"/>
   <tile gid="1340"/>
   <tile gid="1461"/>
   <tile gid="1462"/>
   <tile gid="1463"/>
   <tile gid="1464"/>
   <tile gid="1465"/>
   <tile gid="1466"/>
   <tile gid="1467"/>
   <tile gid="1468"/>
   <tile gid="1589"/>
   <tile gid="1590"/>
   <tile gid="1591"/>
   <tile gid="1592"/>
   <tile gid="1593"/>
   <tile gid="1594"/>
   <tile gid="1595"/>
   <tile gid="1596"/>
   <tile gid="1717"/>
   <tile gid="1718"/>
   <tile gid="1719"/>
   <tile gid="1720"/>
   <tile gid="1721"/>
   <tile gid="1722"/>
   <tile gid="1723"/>
   <tile gid="1724"/>
   <tile gid="1845"/>
   <tile gid="1846"/>
   <tile gid="1847"/>
   <tile gid="1848"/>
   <tile gid="1849"/>
   <tile gid="1850"/>
   <tile gid="1851"/>
   <tile gid="1852"/>
   <tile gid="1973"/>
   <tile gid="1974"/>
   <tile gid="1975"/>
   <tile gid="1976"/>
   <tile gid="1977"/>
   <tile gid="1978"/>
   <tile gid="1979"/>
   <tile gid="1980"/>
   <tile gid="2101"/>
   <tile gid="2102"/>
   <tile gid="2103"/>
   <tile gid="2104"/>
   <tile gid="2105"/>
   <tile gid="2106"/>
   <tile gid="2107"/>
   <tile gid="2108"/>
   <tile gid="2229"/>
   <tile gid="2230"/>
   <tile gid="2231"/>
   <tile gid="2232"/>
   <tile gid="2233"/>
   <tile gid="2234"/>
   <tile gid="2235"/>
   <tile gid="2236"/>
   <tile gid="2357"/>
   <tile gid="2358"/>
   <tile gid="2359"/>
   <tile gid="2360"/>
   <tile gid="2361"/>
   <tile gid="2362"/>
   <tile gid="2363"/>
   <tile gid="2364"/>
  </data>
 </layer>
</map>
