<?xml version="1.0" encoding="UTF-8"?>
<map version="1.2" tiledversion="1.3.1" orientation="orthogonal" renderorder="right-down" compressionlevel="0" width="8" height="18" tilewidth="8" tileheight="8" infinite="0" nextlayerid="2" nextobjectid="1">
 <editorsettings>
  <export format="tmx"/>
 </editorsettings>
 <tileset firstgid="1" source="../Tiles.tsx"/>
 <layer id="1" name="Tile Layer 1" width="8" height="18" opacity="0.98">
  <data>
   <tile gid="189"/>
   <tile gid="190"/>
   <tile gid="191"/>
   <tile gid="192"/>
   <tile gid="193"/>
   <tile gid="194"/>
   <tile gid="195"/>
   <tile gid="196"/>
   <tile gid="317"/>
   <tile gid="318"/>
   <tile gid="319"/>
   <tile gid="320"/>
   <tile gid="321"/>
   <tile gid="322"/>
   <tile gid="323"/>
   <tile gid="324"/>
   <tile gid="445"/>
   <tile gid="446"/>
   <tile gid="447"/>
   <tile gid="448"/>
   <tile gid="449"/>
   <tile gid="450"/>
   <tile gid="451"/>
   <tile gid="452"/>
   <tile gid="573"/>
   <tile gid="574"/>
   <tile gid="575"/>
   <tile gid="576"/>
   <tile gid="577"/>
   <tile gid="578"/>
   <tile gid="579"/>
   <tile gid="580"/>
   <tile gid="701"/>
   <tile gid="702"/>
   <tile gid="703"/>
   <tile gid="704"/>
   <tile gid="705"/>
   <tile gid="706"/>
   <tile gid="707"/>
   <tile gid="708"/>
   <tile gid="829"/>
   <tile gid="830"/>
   <tile gid="831"/>
   <tile gid="832"/>
   <tile gid="833"/>
   <tile gid="834"/>
   <tile gid="835"/>
   <tile gid="836"/>
   <tile gid="957"/>
   <tile gid="958"/>
   <tile gid="959"/>
   <tile gid="960"/>
   <tile gid="961"/>
   <tile gid="962"/>
   <tile gid="963"/>
   <tile gid="964"/>
   <tile gid="1085"/>
   <tile gid="1086"/>
   <tile gid="1087"/>
   <tile gid="1088"/>
   <tile gid="1089"/>
   <tile gid="1090"/>
   <tile gid="1091"/>
   <tile gid="1092"/>
   <tile gid="1213"/>
   <tile gid="1214"/>
   <tile gid="1215"/>
   <tile gid="1216"/>
   <tile gid="1217"/>
   <tile gid="1218"/>
   <tile gid="1219"/>
   <tile gid="1220"/>
   <tile gid="1341"/>
   <tile gid="1342"/>
   <tile gid="1343"/>
   <tile gid="1344"/>
   <tile gid="1345"/>
   <tile gid="1346"/>
   <tile gid="1347"/>
   <tile gid="1348"/>
   <tile gid="1469"/>
   <tile gid="1470"/>
   <tile gid="1471"/>
   <tile gid="1472"/>
   <tile gid="1473"/>
   <tile gid="1474"/>
   <tile gid="1475"/>
   <tile gid="1476"/>
   <tile gid="1597"/>
   <tile gid="1598"/>
   <tile gid="1599"/>
   <tile gid="1600"/>
   <tile gid="1601"/>
   <tile gid="1602"/>
   <tile gid="1603"/>
   <tile gid="1604"/>
   <tile gid="1725"/>
   <tile gid="1726"/>
   <tile gid="1727"/>
   <tile gid="1728"/>
   <tile gid="1729"/>
   <tile gid="1730"/>
   <tile gid="1731"/>
   <tile gid="1732"/>
   <tile gid="1853"/>
   <tile gid="1854"/>
   <tile gid="1855"/>
   <tile gid="1856"/>
   <tile gid="1857"/>
   <tile gid="1858"/>
   <tile gid="1859"/>
   <tile gid="1860"/>
   <tile gid="1981"/>
   <tile gid="1982"/>
   <tile gid="1983"/>
   <tile gid="1984"/>
   <tile gid="1985"/>
   <tile gid="1986"/>
   <tile gid="1987"/>
   <tile gid="1988"/>
   <tile gid="2109"/>
   <tile gid="2110"/>
   <tile gid="2111"/>
   <tile gid="2112"/>
   <tile gid="2113"/>
   <tile gid="2114"/>
   <tile gid="2115"/>
   <tile gid="2116"/>
   <tile gid="2237"/>
   <tile gid="2238"/>
   <tile gid="2239"/>
   <tile gid="2240"/>
   <tile gid="2241"/>
   <tile gid="2242"/>
   <tile gid="2243"/>
   <tile gid="2244"/>
   <tile gid="2365"/>
   <tile gid="2366"/>
   <tile gid="2367"/>
   <tile gid="2368"/>
   <tile gid="2369"/>
   <tile gid="2370"/>
   <tile gid="2371"/>
   <tile gid="2372"/>
  </data>
 </layer>
</map>
